date,new_deaths,total_deaths_per_million,people_vaccinated_per_hundred,people_vaccinated,people_fully_vaccinated
29/02/2020,1,0.003,NaN,NaN,NaN
01/03/2020,0,0.003,NaN,NaN,NaN
02/03/2020,5,0.018,NaN,NaN,NaN
03/03/2020,1,0.021,NaN,NaN,NaN
04/03/2020,4,0.033,NaN,NaN,NaN
05/03/2020,1,0.035,NaN,NaN,NaN
06/03/2020,2,0.041,NaN,NaN,NaN
07/03/2020,3,0.05,NaN,NaN,NaN
08/03/2020,4,0.062,NaN,NaN,NaN
09/03/2020,1,0.065,NaN,NaN,NaN
10/03/2020,6,0.083,NaN,NaN,NaN
11/03/2020,5,0.098,NaN,NaN,NaN
12/03/2020,10,0.127,NaN,NaN,NaN
13/03/2020,8,0.151,NaN,NaN,NaN
14/03/2020,7,0.171,NaN,NaN,NaN
15/03/2020,12,0.207,NaN,NaN,NaN
16/03/2020,27,0.287,NaN,NaN,NaN
17/03/2020,37,0.396,NaN,NaN,NaN
18/03/2020,60,0.573,NaN,NaN,NaN
19/03/2020,72,0.786,NaN,NaN,NaN
20/03/2020,106,1.1,NaN,NaN,NaN
21/03/2020,103,1.404,NaN,NaN,NaN
22/03/2020,128,1.782,NaN,NaN,NaN
23/03/2020,187,2.335,NaN,NaN,NaN
24/03/2020,243,3.054,NaN,NaN,NaN
25/03/2020,333,4.038,NaN,NaN,NaN
26/03/2020,417,5.271,NaN,NaN,NaN
27/03/2020,522,6.814,NaN,NaN,NaN
28/03/2020,713,8.921,NaN,NaN,NaN
29/03/2020,555,10.562,NaN,NaN,NaN
30/03/2020,707,12.652,NaN,NaN,NaN
31/03/2020,1079,15.841,NaN,NaN,NaN
01/04/2020,1637,20.68,NaN,NaN,NaN
02/04/2020,1549,25.259,NaN,NaN,NaN
03/04/2020,1428,29.481,NaN,NaN,NaN
04/04/2020,1620,34.269,NaN,NaN,NaN
05/04/2020,1623,39.067,NaN,NaN,NaN
06/04/2020,1763,44.279,NaN,NaN,NaN
07/04/2020,2606,51.982,NaN,NaN,NaN
08/04/2020,2152,58.343,NaN,NaN,NaN
09/04/2020,2256,65.012,NaN,NaN,NaN
10/04/2020,2214,71.557,NaN,NaN,NaN
11/04/2020,2104,77.776,NaN,NaN,NaN
12/04/2020,1883,83.343,NaN,NaN,NaN
13/04/2020,2001,89.258,NaN,NaN,NaN
14/04/2020,2481,96.592,NaN,NaN,NaN
15/04/2020,2624,104.348,NaN,NaN,NaN
16/04/2020,2187,110.813,NaN,NaN,NaN
17/04/2020,2104,117.033,NaN,NaN,NaN
18/04/2020,1943,122.776,NaN,NaN,NaN
19/04/2020,1967,128.591,NaN,NaN,NaN
20/04/2020,2286,135.348,NaN,NaN,NaN
21/04/2020,2452,142.597,NaN,NaN,NaN
22/04/2020,2465,149.883,NaN,NaN,NaN
23/04/2020,2428,157.061,NaN,NaN,NaN
24/04/2020,2064,163.162,NaN,NaN,NaN
25/04/2020,1739,168.302,NaN,NaN,NaN
26/04/2020,1415,172.485,NaN,NaN,NaN
27/04/2020,1487,176.881,NaN,NaN,NaN
28/04/2020,2232,183.479,NaN,NaN,NaN
29/04/2020,2374,190.496,NaN,NaN,NaN
30/04/2020,2192,196.976,NaN,NaN,NaN
01/05/2020,1880,202.533,NaN,NaN,NaN
02/05/2020,1743,207.686,NaN,NaN,NaN
03/05/2020,1203,211.242,NaN,NaN,NaN
04/05/2020,1370,215.292,NaN,NaN,NaN
05/05/2020,2179,221.733,NaN,NaN,NaN
06/05/2020,2321,228.594,NaN,NaN,NaN
07/05/2020,1906,234.228,NaN,NaN,NaN
08/05/2020,1769,239.457,NaN,NaN,NaN
09/05/2020,1471,243.806,NaN,NaN,NaN
10/05/2020,1001,246.765,NaN,NaN,NaN
11/05/2020,1026,249.798,NaN,NaN,NaN
12/05/2020,1592,254.504,NaN,NaN,NaN
13/05/2020,1695,259.514,NaN,NaN,NaN
14/05/2020,1769,264.743,NaN,NaN,NaN
15/05/2020,1628,269.556,NaN,NaN,NaN
16/05/2020,1169,273.011,NaN,NaN,NaN
17/05/2020,815,275.421,NaN,NaN,NaN
18/05/2020,1222,279.033,NaN,NaN,NaN
19/05/2020,1428,283.254,NaN,NaN,NaN
20/05/2020,1470,287.6,NaN,NaN,NaN
21/05/2020,1182,291.094,NaN,NaN,NaN
22/05/2020,1204,294.653,NaN,NaN,NaN
23/05/2020,1078,297.839,NaN,NaN,NaN
24/05/2020,639,299.728,NaN,NaN,NaN
25/05/2020,600,301.502,NaN,NaN,NaN
26/05/2020,653,303.432,NaN,NaN,NaN
27/05/2020,1452,307.724,NaN,NaN,NaN
28/05/2020,1066,310.875,NaN,NaN,NaN
29/05/2020,1109,314.154,NaN,NaN,NaN
30/05/2020,948,316.956,NaN,NaN,NaN
31/05/2020,623,318.798,NaN,NaN,NaN
01/06/2020,767,321.065,NaN,NaN,NaN
02/06/2020,971,323.935,NaN,NaN,NaN
03/06/2020,1000,326.891,NaN,NaN,NaN
04/06/2020,998,329.841,NaN,NaN,NaN
05/06/2020,870,332.413,NaN,NaN,NaN
06/06/2020,638,334.299,NaN,NaN,NaN
07/06/2020,460,335.659,NaN,NaN,NaN
08/06/2020,502,337.143,NaN,NaN,NaN
09/06/2020,909,339.83,NaN,NaN,NaN
10/06/2020,858,342.366,NaN,NaN,NaN
11/06/2020,811,344.764,NaN,NaN,NaN
12/06/2020,823,347.196,NaN,NaN,NaN
13/06/2020,706,349.283,NaN,NaN,NaN
14/06/2020,348,350.312,NaN,NaN,NaN
15/06/2020,398,351.489,NaN,NaN,NaN
16/06/2020,776,353.782,NaN,NaN,NaN
17/06/2020,741,355.973,NaN,NaN,NaN
18/06/2020,697,358.033,NaN,NaN,NaN
19/06/2020,631,359.898,NaN,NaN,NaN
20/06/2020,563,361.563,NaN,NaN,NaN
21/06/2020,319,362.506,NaN,NaN,NaN
22/06/2020,379,363.626,NaN,NaN,NaN
23/06/2020,730,365.784,NaN,NaN,NaN
24/06/2020,755,368.016,NaN,NaN,NaN
25/06/2020,551,369.645,NaN,NaN,NaN
26/06/2020,629,371.504,NaN,NaN,NaN
27/06/2020,499,372.979,NaN,NaN,NaN
28/06/2020,323,373.934,NaN,NaN,NaN
29/06/2020,371,375.03,NaN,NaN,NaN
30/06/2020,549,376.653,NaN,NaN,NaN
01/07/2020,702,378.728,NaN,NaN,NaN
02/07/2020,742,380.922,NaN,NaN,NaN
03/07/2020,679,382.929,NaN,NaN,NaN
04/07/2020,307,383.837,NaN,NaN,NaN
05/07/2020,323,384.791,NaN,NaN,NaN
06/07/2020,385,385.929,NaN,NaN,NaN
07/07/2020,1144,389.311,NaN,NaN,NaN
08/07/2020,842,391.8,NaN,NaN,NaN
09/07/2020,1036,394.863,NaN,NaN,NaN
10/07/2020,805,397.242,NaN,NaN,NaN
11/07/2020,753,399.468,NaN,NaN,NaN
12/07/2020,477,400.878,NaN,NaN,NaN
13/07/2020,443,402.188,NaN,NaN,NaN
14/07/2020,895,404.833,NaN,NaN,NaN
15/07/2020,961,407.674,NaN,NaN,NaN
16/07/2020,971,410.544,NaN,NaN,NaN
17/07/2020,923,413.273,NaN,NaN,NaN
18/07/2020,890,415.904,NaN,NaN,NaN
19/07/2020,483,417.331,NaN,NaN,NaN
20/07/2020,531,418.901,NaN,NaN,NaN
21/07/2020,1096,422.141,NaN,NaN,NaN
22/07/2020,1224,425.759,NaN,NaN,NaN
23/07/2020,1076,428.94,NaN,NaN,NaN
24/07/2020,1090,432.162,NaN,NaN,NaN
25/07/2020,968,435.023,NaN,NaN,NaN
26/07/2020,539,436.617,NaN,NaN,NaN
27/07/2020,1111,439.901,NaN,NaN,NaN
28/07/2020,1212,443.484,NaN,NaN,NaN
29/07/2020,1434,447.723,NaN,NaN,NaN
30/07/2020,1296,451.554,NaN,NaN,NaN
31/07/2020,1168,455.006,NaN,NaN,NaN
01/08/2020,1116,458.305,NaN,NaN,NaN
02/08/2020,465,459.68,NaN,NaN,NaN
03/08/2020,565,461.35,NaN,NaN,NaN
04/08/2020,1251,465.048,NaN,NaN,NaN
05/08/2020,1422,469.251,NaN,NaN,NaN
06/08/2020,1188,472.763,NaN,NaN,NaN
07/08/2020,1292,476.582,NaN,NaN,NaN
08/08/2020,1089,479.802,NaN,NaN,NaN
09/08/2020,577,481.507,NaN,NaN,NaN
10/08/2020,525,483.059,NaN,NaN,NaN
11/08/2020,1077,486.243,NaN,NaN,NaN
12/08/2020,1509,490.703,NaN,NaN,NaN
13/08/2020,1034,493.76,NaN,NaN,NaN
14/08/2020,1304,497.615,NaN,NaN,NaN
15/08/2020,1038,500.683,NaN,NaN,NaN
16/08/2020,615,502.501,NaN,NaN,NaN
17/08/2020,478,503.914,NaN,NaN,NaN
18/08/2020,1227,507.541,NaN,NaN,NaN
19/08/2020,685,509.566,NaN,NaN,NaN
20/08/2020,1100,512.818,NaN,NaN,NaN
21/08/2020,1095,516.054,NaN,NaN,NaN
22/08/2020,955,518.878,NaN,NaN,NaN
23/08/2020,506,520.373,NaN,NaN,NaN
24/08/2020,433,521.653,NaN,NaN,NaN
25/08/2020,1223,525.268,NaN,NaN,NaN
26/08/2020,1158,528.692,NaN,NaN,NaN
27/08/2020,1107,531.964,NaN,NaN,NaN
28/08/2020,922,534.689,NaN,NaN,NaN
29/08/2020,962,537.533,NaN,NaN,NaN
30/08/2020,440,538.834,NaN,NaN,NaN
31/08/2020,482,540.259,NaN,NaN,NaN
01/09/2020,1067,543.413,NaN,NaN,NaN
02/09/2020,1054,546.528,NaN,NaN,NaN
03/09/2020,1022,549.549,NaN,NaN,NaN
04/09/2020,951,552.361,NaN,NaN,NaN
05/09/2020,793,554.705,NaN,NaN,NaN
06/09/2020,436,555.994,NaN,NaN,NaN
07/09/2020,323,556.948,NaN,NaN,NaN
08/09/2020,473,558.347,NaN,NaN,NaN
09/09/2020,1100,561.598,NaN,NaN,NaN
10/09/2020,909,564.285,NaN,NaN,NaN
11/09/2020,1142,567.661,NaN,NaN,NaN
12/09/2020,737,569.84,NaN,NaN,NaN
13/09/2020,394,571.004,NaN,NaN,NaN
14/09/2020,421,572.249,NaN,NaN,NaN
15/09/2020,1191,575.77,NaN,NaN,NaN
16/09/2020,933,578.528,NaN,NaN,NaN
17/09/2020,850,581.04,NaN,NaN,NaN
18/09/2020,958,583.872,NaN,NaN,NaN
19/09/2020,666,585.841,NaN,NaN,NaN
20/09/2020,265,586.624,NaN,NaN,NaN
21/09/2020,412,587.842,NaN,NaN,NaN
22/09/2020,1021,590.86,NaN,NaN,NaN
23/09/2020,1051,593.967,NaN,NaN,NaN
24/09/2020,888,596.592,NaN,NaN,NaN
25/09/2020,914,599.294,NaN,NaN,NaN
26/09/2020,762,601.546,NaN,NaN,NaN
27/09/2020,304,602.445,NaN,NaN,NaN
28/09/2020,340,603.45,NaN,NaN,NaN
29/09/2020,894,606.093,NaN,NaN,NaN
30/09/2020,905,608.768,NaN,NaN,NaN
01/10/2020,896,611.417,NaN,NaN,NaN
02/10/2020,837,613.891,NaN,NaN,NaN
03/10/2020,672,615.877,NaN,NaN,NaN
04/10/2020,369,616.968,NaN,NaN,NaN
05/10/2020,475,618.372,NaN,NaN,NaN
06/10/2020,688,620.406,NaN,NaN,NaN
07/10/2020,906,623.084,NaN,NaN,NaN
08/10/2020,973,625.96,NaN,NaN,NaN
09/10/2020,962,628.804,NaN,NaN,NaN
10/10/2020,647,630.717,NaN,NaN,NaN
11/10/2020,463,632.085,NaN,NaN,NaN
12/10/2020,395,633.253,NaN,NaN,NaN
13/10/2020,740,635.44,NaN,NaN,NaN
14/10/2020,989,638.364,NaN,NaN,NaN
15/10/2020,840,640.847,NaN,NaN,NaN
16/10/2020,933,643.605,NaN,NaN,NaN
17/10/2020,789,645.937,NaN,NaN,NaN
18/10/2020,482,647.362,NaN,NaN,NaN
19/10/2020,511,648.873,NaN,NaN,NaN
20/10/2020,952,651.687,NaN,NaN,NaN
21/10/2020,1168,655.139,NaN,NaN,NaN
22/10/2020,861,657.685,NaN,NaN,NaN
23/10/2020,956,660.51,NaN,NaN,NaN
24/10/2020,972,663.384,NaN,NaN,NaN
25/10/2020,452,664.72,NaN,NaN,NaN
26/10/2020,557,666.366,NaN,NaN,NaN
27/10/2020,1022,669.387,NaN,NaN,NaN
28/10/2020,1042,672.468,NaN,NaN,NaN
29/10/2020,995,675.409,NaN,NaN,NaN
30/10/2020,1071,678.575,NaN,NaN,NaN
31/10/2020,939,681.351,NaN,NaN,NaN
01/11/2020,509,682.855,NaN,NaN,NaN
02/11/2020,598,684.623,NaN,NaN,NaN
03/11/2020,1625,689.427,NaN,NaN,NaN
04/11/2020,1118,692.731,NaN,NaN,NaN
05/11/2020,1191,696.252,NaN,NaN,NaN
06/11/2020,1219,699.855,NaN,NaN,NaN
07/11/2020,1126,703.184,NaN,NaN,NaN
08/11/2020,575,704.884,NaN,NaN,NaN
09/11/2020,803,707.257,NaN,NaN,NaN
10/11/2020,1440,711.514,NaN,NaN,NaN
11/11/2020,1462,715.836,NaN,NaN,NaN
12/11/2020,1242,719.507,NaN,NaN,NaN
13/11/2020,1228,723.137,NaN,NaN,NaN
14/11/2020,1369,727.184,NaN,NaN,NaN
15/11/2020,790,729.519,NaN,NaN,NaN
16/11/2020,877,732.112,NaN,NaN,NaN
17/11/2020,1746,737.273,NaN,NaN,NaN
18/11/2020,1939,743.005,NaN,NaN,NaN
19/11/2020,2014,748.958,NaN,NaN,NaN
20/11/2020,1976,754.799,NaN,NaN,NaN
21/11/2020,1631,759.621,NaN,NaN,NaN
22/11/2020,1076,762.801,NaN,NaN,NaN
23/11/2020,1140,766.171,NaN,NaN,NaN
24/11/2020,2187,772.636,NaN,NaN,NaN
25/11/2020,2258,779.311,NaN,NaN,NaN
26/11/2020,1393,783.429,NaN,NaN,NaN
27/11/2020,1620,788.218,NaN,NaN,NaN
28/11/2020,1409,792.383,NaN,NaN,NaN
29/11/2020,1048,795.481,NaN,NaN,NaN
30/11/2020,1378,799.554,NaN,NaN,NaN
01/12/2020,2561,807.124,NaN,NaN,NaN
02/12/2020,2777,815.333,NaN,NaN,NaN
03/12/2020,2908,823.93,NaN,NaN,NaN
04/12/2020,2666,831.81,NaN,NaN,NaN
05/12/2020,2393,838.884,NaN,NaN,NaN
06/12/2020,1420,843.082,NaN,NaN,NaN
07/12/2020,1642,847.936,NaN,NaN,NaN
08/12/2020,2600,855.621,NaN,NaN,NaN
09/12/2020,2947,864.333,NaN,NaN,NaN
10/12/2020,2915,872.95,NaN,NaN,NaN
11/12/2020,3335,882.808,NaN,NaN,NaN
12/12/2020,2505,890.213,NaN,NaN,NaN
13/12/2020,1596,894.931,0.01,34413,8973
14/12/2020,1696,899.944,0.01,39024,9128
15/12/2020,2901,908.52,0.03,85286,9444
16/12/2020,3683,919.407,0.07,240533,9950
17/12/2020,3418,929.511,0.15,508442,10758
18/12/2020,2929,938.169,0.28,919513,12052
19/12/2020,2736,946.257,0.33,1099092,13196
20/12/2020,1699,951.279,0.36,1203772,14000
21/12/2020,1827,956.68,0.48,1582638,15642
22/12/2020,3331,966.526,0.61,2024035,18714
23/12/2020,3311,976.314,0.78,2589519,21938
24/12/2020,2858,984.762,0.84,2782152,23165
25/12/2020,1498,989.19,0.84,2794750,23294
26/12/2020,1912,994.842,0.88,2934501,24343
27/12/2020,1431,999.072,0.91,3028317,25143
28/12/2020,1899,1004.686,1.09,3609828,29584
29/12/2020,3574,1015.251,1.3,4318303,35047
30/12/2020,3856,1026.649,1.55,5145741,42652
31/12/2020,3250,1036.256,1.67,5560740,46126
01/01/2021,2205,1042.774,1.71,5678482,54946
02/01/2021,2521,1050.227,1.79,5937532,58011
03/01/2021,1426,1054.442,1.83,6071132,60578
04/01/2021,2016,1060.401,2.01,6675847,106128
05/01/2021,3572,1070.96,2.23,7413203,194492
06/01/2021,3874,1082.412,2.48,8248431,369147
07/01/2021,3999,1094.233,2.75,9117936,652879
08/01/2021,4153,1106.51,3,9967666,1020361
09/01/2021,3202,1115.975,3.11,10339315,1150204
10/01/2021,2089,1122.15,3.17,10516533,1219976
11/01/2021,1857,1127.639,3.39,11241970,1546551
12/01/2021,4373,1140.566,3.66,12162729,1863593
13/01/2021,3987,1152.352,3.98,13197565,2136548
14/01/2021,3775,1163.511,4.32,14358539,2274012
15/01/2021,3816,1174.791,4.66,15481082,2396337
16/01/2021,3551,1185.288,4.83,16048576,2469399
17/01/2021,1982,1191.147,4.91,16304530,2511596
18/01/2021,1581,1195.821,5.1,16948549,2740712
19/01/2021,2403,1202.924,5.4,17916274,3100938
20/01/2021,4389,1215.898,5.75,19076826,3525122
21/01/2021,4103,1228.027,6.15,20414686,3803415
22/01/2021,3777,1239.192,6.57,21819657,4016020
23/01/2021,3523,1249.606,6.8,22563682,4169038
24/01/2021,1826,1255.004,6.89,22870895,4258398
25/01/2021,1782,1260.271,7.15,23735494,4751924
26/01/2021,3979,1272.033,7.47,24790148,5337488
27/01/2021,4064,1284.047,7.84,26039582,5989427
28/01/2021,3807,1295.3,8.26,27409034,6551707
29/01/2021,3563,1305.833,8.67,28784673,7051054
30/01/2021,2857,1314.278,8.9,29541118,7296125
31/01/2021,1931,1319.986,8.99,29863671,7425472
01/02/2021,1781,1325.251,9.23,30644846,8009787
02/02/2021,3536,1335.704,9.52,31612549,8714924
03/02/2021,3864,1347.126,9.9,32875293,9555469
04/02/2021,3883,1358.604,10.32,34262129,10474678
05/02/2021,3661,1369.426,10.73,35618153,11441741
06/02/2021,2727,1377.487,10.99,36471293,11866412
07/02/2021,1462,1381.809,11.07,36746289,12024290
08/02/2021,1450,1386.095,11.32,37584305,12734011
09/02/2021,3032,1395.058,11.63,38619597,13636431
10/02/2021,3361,1404.993,12,39849523,14680633
11/02/2021,3159,1414.332,12.39,41125711,15780187
12/02/2021,2838,1422.721,12.8,42511854,16945392
13/02/2021,2251,1429.375,13.07,43384296,17518977
14/02/2021,1151,1432.777,13.17,43727859,17750365
15/02/2021,947,1435.577,13.36,44344706,18295072
16/02/2021,1644,1440.436,13.6,45141297,19086721
17/02/2021,2407,1447.552,13.88,46076566,20081870
18/02/2021,2558,1455.113,14.13,46909348,21061490
19/02/2021,2516,1462.551,14.38,47727860,22163521
20/02/2021,1915,1468.211,14.55,48323563,22848165
21/02/2021,1210,1471.788,14.63,48578267,23174910
22/02/2021,1210,1475.365,14.82,49193179,23983362
23/02/2021,2258,1482.04,15.08,50056813,25017022
24/02/2021,3216,1491.546,15.45,51299902,26258668
25/02/2021,2413,1498.679,15.91,52834439,27609063
26/02/2021,2131,1504.979,16.42,54502159,29002531
27/02/2021,1513,1509.451,16.76,55638259,29825569
28/02/2021,1086,1512.661,16.92,56169206,30124931
01/03/2021,1317,1516.554,17.28,57384265,30935239
02/03/2021,1913,1522.209,17.72,58846800,31904637
03/03/2021,2522,1529.665,18.25,60587318,33039894
04/03/2021,1924,1535.352,18.84,62541166,34292699
05/03/2021,1714,1540.419,19.44,64545449,35612616
06/03/2021,1519,1544.909,19.85,65895274,36485007
07/03/2021,702,1546.984,20.05,66572308,36836579
08/03/2021,719,1549.109,20.5,68052798,37699742
09/03/2021,1761,1554.315,21.04,69863524,38795009
10/03/2021,1536,1558.855,21.67,71933733,40076956
11/03/2021,1542,1563.414,22.36,74226834,41489191
12/03/2021,1423,1567.62,23,76359964,43030507
13/03/2021,967,1570.479,23.42,77746085,44061506
14/03/2021,515,1572.001,23.61,78392332,44493559
15/03/2021,706,1574.088,24.06,79887320,45372577
16/03/2021,1251,1577.786,24.64,81819337,46434831
17/03/2021,1194,1581.316,25.28,83948176,47579359
18/03/2021,1631,1586.137,25.97,86238426,48796285
19/03/2021,1023,1589.161,26.64,88440828,50028406
20/03/2021,770,1591.437,27.06,89856525,50893727
21/03/2021,706,1593.524,27.27,90539169,51273979
22/03/2021,554,1595.162,27.75,92137681,52088269
23/03/2021,944,1597.952,28.35,94113115,53248693
24/03/2021,1462,1602.274,29.01,96314755,54681520
25/03/2021,1345,1606.25,29.69,98568148,56340070
26/03/2021,1156,1609.667,30.32,100653964,58151726
27/03/2021,805,1612.047,30.73,102022901,59321263
28/03/2021,442,1613.353,30.93,102693244,59874094
29/03/2021,636,1615.233,31.41,104296282,61157034
30/03/2021,891,1617.867,32.02,106303847,62826686
31/03/2021,1071,1621.033,32.74,108708846,64777256
01/04/2021,1100,1624.285,33.5,111232990,67043353
02/04/2021,892,1626.921,34.12,113274458,68872209
03/04/2021,756,1629.156,34.52,114597221,70035876
04/04/2021,313,1630.081,34.65,115034758,70408466
05/04/2021,466,1631.459,35.17,116766155,72015169
06/04/2021,832,1633.918,35.86,119046011,74103582
07/04/2021,2602,1641.61,36.63,121601379,76418027
08/04/2021,1012,1644.601,37.4,124158010,78950736
09/04/2021,903,1647.271,38.13,126586959,81402784
10/04/2021,760,1649.517,38.65,128308142,83067296
11/04/2021,292,1650.381,38.9,129140676,83872303
12/04/2021,453,1651.72,39.39,130781708,85601130
13/04/2021,864,1654.274,39.92,132525499,87322212
14/04/2021,937,1657.043,40.44,134261783,89251583
15/04/2021,907,1659.725,40.97,136022527,91203280
16/04/2021,870,1662.296,41.47,137672273,93126131
17/04/2021,709,1664.392,41.82,138833691,94310686
18/04/2021,350,1665.427,41.98,139372830,94894746
19/04/2021,496,1666.893,42.31,140463709,96361012
20/04/2021,837,1669.367,42.72,141828415,98198024
21/04/2021,898,1672.022,43.14,143218696,100253527
22/04/2021,941,1674.803,43.56,144631902,102309006
23/04/2021,763,1677.059,43.97,145999412,104216734
24/04/2021,750,1679.276,44.28,147001290,105411074
25/04/2021,309,1680.189,44.42,147491223,105909007
26/04/2021,481,1681.611,44.71,148432784,107345627
27/04/2021,666,1683.58,45.04,149547380,109139523
28/04/2021,984,1686.489,45.39,150698292,111110301
29/04/2021,884,1689.102,45.73,151820820,113094127
30/04/2021,804,1691.478,46.07,152944015,114944775
01/05/2021,749,1693.693,46.28,153657180,116119548
02/05/2021,323,1694.647,46.38,153983524,116706623
03/05/2021,486,1696.084,46.57,154626885,118109153
04/05/2021,875,1698.671,46.82,155446825,119869399
05/05/2021,814,1701.077,47.07,156266924,121683406
06/05/2021,796,1703.43,47.3,157049964,123507989
07/05/2021,758,1705.67,47.54,157849653,125302321
08/05/2021,639,1707.559,47.7,158356241,126396430
09/05/2021,263,1708.337,47.76,158560720,126836033
10/05/2021,402,1709.525,47.9,159045070,128014864
11/05/2021,680,1711.535,48.1,159703958,129472305
12/05/2021,766,1713.8,48.3,160349814,130917803
13/05/2021,747,1716.008,48.58,161278717,132332561
14/05/2021,631,1717.873,48.91,162374070,133776225
15/05/2021,524,1719.422,49.18,163284118,134772753
16/05/2021,269,1720.217,49.32,163762150,135261029
17/05/2021,402,1721.405,49.59,164651493,136277336
18/05/2021,781,1723.714,49.89,165645980,137448006
19/05/2021,654,1725.647,50.19,166635901,138633295
20/05/2021,684,1727.669,50.47,167559180,139817048
21/05/2021,602,1729.449,50.75,168494406,141031173
22/05/2021,488,1730.891,50.97,169225713,141807303
23/05/2021,205,1731.497,51.07,169564670,142155247
24/05/2021,441,1732.801,51.26,170201875,142911862
25/05/2021,639,1734.69,51.47,170871877,143756878
26/05/2021,985,1737.602,51.67,171535532,144602043
27/05/2021,1350,1741.592,51.85,172152722,145406889
28/05/2021,535,1743.174,52.04,172762567,146199625
29/05/2021,328,1744.143,52.15,173146674,146623127
30/05/2021,148,1744.581,52.21,173348286,146829112
31/05/2021,181,1745.116,52.24,173437913,146951977
01/06/2021,643,1747.017,52.4,173969285,147745455
02/06/2021,560,1748.672,52.55,174465395,148433002
03/06/2021,631,1750.537,52.69,174930069,149279338
04/06/2021,517,1752.066,52.84,175431955,150249612
05/06/2021,584,1753.792,52.95,175787136,151007808
06/06/2021,169,1754.291,53,175958984,151374202
07/06/2021,310,1755.208,53.11,176332821,152122404
08/06/2021,308,1756.118,53.23,176736860,152946686
09/06/2021,475,1757.522,53.35,177129065,153774245
10/06/2021,403,1758.714,53.47,177534235,154594892
11/06/2021,526,1760.269,53.6,177963154,155455814
12/06/2021,268,1761.061,53.69,178244942,156102183
13/06/2021,112,1761.392,53.72,178358664,156400494
14/06/2021,189,1761.951,53.82,178691165,157025492
15/06/2021,323,1762.905,53.93,179052073,157691613
16/06/2021,383,1764.038,54.04,179410042,158327775
17/06/2021,299,1764.921,54.14,179761172,158923173
18/06/2021,600,1766.695,54.25,180129586,159525183
19/06/2021,170,1767.198,54.32,180360653,159896410
20/06/2021,79,1767.431,54.36,180472870,160073254
21/06/2021,260,1768.2,54.45,180774948,160369227
22/06/2021,344,1769.217,54.55,181098626,160841269
23/06/2021,386,1770.358,54.65,181428939,161286788
24/06/2021,341,1771.366,54.74,181746940,161707782
25/06/2021,528,1772.926,54.85,182097256,162164249
26/06/2021,161,1773.402,54.92,182322672,162461121
27/06/2021,75,1773.624,54.95,182449697,162612605
28/06/2021,159,1774.094,55.04,182725349,162920353
29/06/2021,329,1775.067,55.13,183023192,163280940
30/06/2021,300,1775.953,55.22,183330846,163634660
01/07/2021,283,1776.79,55.31,183625683,163973484
02/07/2021,434,1778.073,55.4,183931815,164317635
03/07/2021,83,1778.318,55.45,184113677,164507234
04/07/2021,40,1778.436,55.46,184141616,164534839
05/07/2021,121,1778.794,55.52,184343315,164744624
06/07/2021,306,1779.699,55.61,184616797,165084533
07/07/2021,327,1780.665,55.69,184899229,165406173
08/07/2021,250,1781.404,55.78,185188174,165719230
09/07/2021,462,1782.77,55.88,185509979,166065590
10/07/2021,78,1783.001,55.94,185721358,166273424
11/07/2021,121,1783.358,55.97,185838127,166381986
12/07/2021,235,1784.053,56.06,186113178,166657317
13/07/2021,357,1785.108,56.14,186394410,166929867
14/07/2021,327,1786.075,56.23,186678831,167203892
15/07/2021,356,1787.127,56.32,186977200,167474075
16/07/2021,453,1788.466,56.42,187323497,167778604
17/07/2021,72,1788.679,56.49,187547269,167968480
18/07/2021,95,1788.96,56.53,187682451,168074427
19/07/2021,198,1789.545,56.63,188021626,168327720
20/07/2021,290,1790.402,56.74,188392470,168585819
21/07/2021,363,1791.476,56.86,188779848,168855396
22/07/2021,288,1792.327,56.99,189197404,169116350
23/07/2021,552,1793.959,57.13,189684684,169405607
24/07/2021,136,1794.361,57.22,189986725,169580780
25/07/2021,102,1794.662,57.28,190189336,169644866
26/07/2021,250,1795.401,57.42,190636409,169867382
27/07/2021,458,1796.755,57.56,191117058,170120554
28/07/2021,383,1797.887,57.71,191608679,170381187
29/07/2021,318,1798.827,57.86,192106844,170635963
30/07/2021,885,1801.443,58.04,192684332,170930830
31/07/2021,176,1801.964,58.14,193031787,171112743
01/08/2021,233,1802.652,58.21,193262235,171214255
02/08/2021,343,1803.666,58.36,193770273,171453856
03/08/2021,586,1805.399,58.53,194310396,171709147
04/08/2021,546,1807.013,58.69,194864910,171966329
05/08/2021,526,1808.567,58.86,195427625,172232795
06/08/2021,1133,1811.917,59.05,196057530,172546348
07/08/2021,266,1812.703,59.17,196442156,172737632
08/08/2021,135,1813.102,59.24,196681508,172856172
09/08/2021,517,1814.63,59.4,197204956,173144801
10/08/2021,832,1817.09,59.56,197738145,173441976
11/08/2021,805,1819.469,59.71,198239833,173739686
12/08/2021,1032,1822.52,59.87,198757497,174055665
13/08/2021,1059,1825.65,60.04,199341572,174446979
14/08/2021,270,1826.448,60.15,199705512,174691447
15/08/2021,217,1827.09,60.21,199918032,174854263
16/08/2021,1041,1830.167,60.36,200384628,175210070
17/08/2021,1024,1833.194,60.5,200877347,175575527
18/08/2021,1204,1836.753,60.65,201366113,175956561
19/08/2021,1787,1842.036,60.8,201848313,176339592
20/08/2021,1462,1846.357,60.96,202388040,176820941
21/08/2021,577,1848.063,61.06,202711129,177121262
22/08/2021,220,1848.713,61.11,202896951,177302625
23/08/2021,1336,1852.663,61.24,203338485,177710478
24/08/2021,1435,1856.905,61.38,203800186,178127932
25/08/2021,1553,1861.495,61.53,204269348,178553143
26/08/2021,2222,1868.064,61.67,204745061,178988565
27/08/2021,1743,1873.216,61.83,205278305,179531870
28/08/2021,652,1875.143,61.93,205597251,179876080
29/08/2021,326,1876.107,61.98,205790896,180083600
30/08/2021,1713,1881.171,62.11,206209438,180521305
31/08/2021,1444,1885.439,62.24,206631697,180951078
01/09/2021,2044,1891.481,62.37,207058966,181364608
02/09/2021,3007,1900.37,62.49,207461768,181769248
03/09/2021,1940,1906.105,62.62,207916020,182262176
04/09/2021,653,1908.035,62.7,208162553,182541660
05/09/2021,428,1909.301,62.75,208330873,182716407
06/09/2021,608,1911.098,62.77,208412864,182804112
07/09/2021,2096,1917.294,62.88,208767309,183288218
08/09/2021,2319,1924.149,62.99,209133467,183694065
09/09/2021,3228,1933.691,63.1,209506057,184095764
10/09/2021,2461,1940.966,63.24,209956853,184599949
11/09/2021,839,1943.446,63.32,210216813,184904176
12/09/2021,380,1944.569,63.36,210374777,185080034
13/09/2021,2157,1950.945,63.47,210712908,185466462
14/09/2021,1928,1956.645,63.56,211030357,185847515
15/09/2021,2739,1964.741,63.66,211345401,186239997
16/09/2021,3493,1975.067,63.75,211658432,186635148
17/09/2021,2454,1982.321,63.86,212012365,187119971
18/09/2021,1010,1985.306,63.92,212218733,187398426
19/09/2021,404,1986.501,63.96,212340075,187567446
20/09/2021,2307,1993.32,64.04,212609950,187926846
21/09/2021,2447,2000.554,64.12,212871106,188274528
22/09/2021,2691,2008.508,64.19,213126061,188613134
23/09/2021,3308,2018.287,64.27,213383005,188944096
24/09/2021,2484,2025.63,64.37,213704065,189359570
25/09/2021,857,2028.163,64.43,213904973,189590315
26/09/2021,592,2029.913,64.46,214023914,189737550
27/09/2021,2259,2036.591,64.55,214319495,189961799
28/09/2021,2518,2044.034,64.64,214607208,190267896
29/09/2021,2640,2051.838,64.73,214893634,190581568
30/09/2021,2826,2060.192,64.81,215181847,190905875
01/10/2021,2131,2066.491,64.91,215497976,191291554
02/10/2021,850,2069.004,64.96,215670493,191501045
03/10/2021,543,2070.609,64.99,215775159,191633133
04/10/2021,1932,2076.32,65.06,216020535,191892724
05/10/2021,1894,2081.919,65.14,216263014,192152258
06/10/2021,2660,2089.782,65.21,216510034,192414217
07/10/2021,2473,2097.092,65.29,216762499,192676771
08/10/2021,1804,2102.425,65.37,217046515,192994404
09/10/2021,452,2103.761,65.42,217192189,193164349
10/10/2021,494,2105.221,65.45,217283685,193270955
11/10/2021,1180,2108.709,65.51,217505971,193494131
12/10/2021,2289,2115.476,65.58,217733062,193731364
13/10/2021,3189,2124.903,65.65,217958999,193963560
14/10/2021,2191,2131.379,65.72,218183416,194195504
15/10/2021,1823,2136.768,65.79,218443089,194477349
16/10/2021,596,2138.53,65.84,218582440,194624570
17/10/2021,480,2139.949,65.86,218664965,194710194
18/10/2021,1767,2145.172,65.93,218885703,194924102
19/10/2021,1966,2150.984,65.99,219086092,195119173
20/10/2021,3189,2160.411,66.05,219287267,195316170
21/10/2021,2016,2166.37,66.11,219492212,195516010
22/10/2021,1871,2171.901,66.2,219780654,195763812
23/10/2021,574,2173.598,66.25,219954059,195897782
24/10/2021,280,2174.425,66.28,220060181,195978425
25/10/2021,1467,2178.762,66.37,220357907,196183103
26/10/2021,1607,2183.512,66.46,220650900,196385595
27/10/2021,2061,2189.605,66.55,220952322,196593841
28/10/2021,1856,2195.091,66.64,221243365,196804755
29/10/2021,1733,2200.214,66.73,221563823,197044983
30/10/2021,400,2201.396,66.78,221727540,197164505
31/10/2021,258,2202.159,66.81,221826229,197235151
01/11/2021,1253,2205.863,66.9,222108150,197432703
02/11/2021,1290,2209.676,66.98,222387160,197621842
03/11/2021,1989,2215.556,67.08,222695203,197815712
04/11/2021,1202,2219.109,67.18,223041992,198012235
05/11/2021,2123,2225.384,67.32,223493514,198243966
06/11/2021,506,2226.88,67.43,223886135,198364650
07/11/2021,231,2227.563,67.5,224115076,198437022
08/11/2021,1213,2231.149,67.64,224584890,198611668
09/11/2021,1452,2235.441,67.8,225104867,198778322
10/11/2021,1696,2240.454,67.97,225678541,198949731
11/11/2021,901,2243.118,68.14,226225295,199102869
12/11/2021,2452,2250.366,68.33,226862558,199302390
13/11/2021,599,2252.137,68.49,227399283,199405870
14/11/2021,230,2252.817,68.56,227639306,199466936
15/11/2021,1285,2256.615,68.7,228095994,199635349
16/11/2021,1322,2260.523,68.85,228580561,199803299
17/11/2021,1668,2265.454,69,229083534,199976337
18/11/2021,1336,2269.403,69.15,229585882,200148329
19/11/2021,1769,2274.632,69.32,230164661,200344532
20/11/2021,475,2276.036,69.46,230622612,200446176
21/11/2021,248,2276.769,69.52,230827960,200507154
22/11/2021,1250,2280.464,69.67,231312665,200679923
23/11/2021,1360,2284.485,69.82,231797734,200845832
24/11/2021,1699,2289.507,69.94,232195790,201001561
25/11/2021,485,2290.941,69.94,232204453,201007013
26/11/2021,389,2292.091,70.03,232512826,201185947
27/11/2021,338,2293.09,70.1,232728563,201388539
28/11/2021,277,2293.909,70.14,232867916,201539242
29/11/2021,1918,2299.578,70.24,233215316,201906240
30/11/2021,1645,2304.441,70.36,233615080,202303792
01/12/2021,2003,2310.362,70.5,234070338,202722796
02/12/2021,3886,2321.849,70.63,234512591,203122384
03/12/2021,1611,2326.611,70.78,234993719,203621986
04/12/2021,699,2328.678,70.87,235290507,204083795
05/12/2021,412,2329.895,70.92,235453860,204276309
06/12/2021,1429,2334.12,71.03,235837233,204606363
07/12/2021,1517,2338.604,71.15,236233896,204952793
08/12/2021,1823,2343.993,71.27,236634697,205310142
09/12/2021,1552,2348.581,71.39,237031731,205653941
10/12/2021,1753,2353.763,71.52,237450840,206057802
11/12/2021,624,2355.607,71.6,237713972,206399473
12/12/2021,370,2356.701,71.64,237863737,206530737
13/12/2021,1394,2360.822,71.75,238204813,206813324
14/12/2021,1517,2365.306,71.86,238566554,207104590
15/12/2021,2236,2371.916,71.97,238939207,207369497
16/12/2021,1269,2375.667,72.08,239323140,207541350
17/12/2021,1864,2381.177,72.21,239750389,207797173
18/12/2021,679,2383.184,72.3,240034164,207961490
19/12/2021,320,2384.13,72.35,240201103,208043996
20/12/2021,1552,2388.718,72.48,240636077,208272759
21/12/2021,1914,2394.376,72.62,241095319,208517210
22/12/2021,4187,2406.753,72.75,241537054,208758396
23/12/2021,1407,2410.912,72.86,241901019,208937692
24/12/2021,689,2412.948,72.89,242002824,208994961
25/12/2021,242,2413.664,72.89,242004914,208995992
26/12/2021,370,2414.758,72.93,242134665,209080521
27/12/2021,1846,2420.214,73.05,242524717,209313159
28/12/2021,2291,2426.987,73.18,242955222,209558342
29/12/2021,2368,2433.987,73.31,243385930,209798383
30/12/2021,1490,2438.391,73.43,243786100,210015539
31/12/2021,731,2440.552,73.48,243947585,210110623
01/01/2022,401,2441.737,73.49,243982156,210128002
02/01/2022,406,2442.938,73.53,244116938,210219512
03/01/2022,1904,2448.566,73.63,244453741,210419342
04/01/2022,2331,2455.456,73.74,244821862,210636289
05/01/2022,2232,2462.054,73.85,245197399,210852424
06/01/2022,2095,2468.247,73.96,245565160,211067959
07/01/2022,2439,2475.457,74.08,245961186,211317521
08/01/2022,871,2478.032,74.16,246233067,211494977
09/01/2022,619,2479.862,74.21,246373193,211571350
10/01/2022,2054,2485.933,74.31,246700240,211764493
11/01/2022,2522,2493.388,74.41,247035445,211968666
12/01/2022,2849,2501.81,74.51,247372239,212172650
13/01/2022,2560,2509.378,74.61,247705383,212364413
14/01/2022,2796,2517.643,74.72,248080409,212541392
15/01/2022,1008,2520.622,74.79,248304744,212629637
16/01/2022,762,2522.875,74.82,248409720,212688091
17/01/2022,1036,2525.937,74.88,248622691,212830062
18/01/2022,2740,2534.037,74.96,248874112,213021229
19/01/2022,3480,2544.324,75.03,249121333,213210496
20/01/2022,2931,2552.988,75.11,249358465,213389727
21/01/2022,3390,2563.009,75.19,249632550,213554064
22/01/2022,1030,2566.054,75.24,249803003,213638333
23/01/2022,738,2568.235,75.27,249893322,213703252
24/01/2022,2180,2574.68,75.33,250094941,213865543
25/01/2022,3156,2584.009,75.39,250296648,214043225
26/01/2022,3867,2595.44,75.45,250495210,214224771
27/01/2022,2621,2603.188,75.51,250691334,214402453
28/01/2022,4091,2615.281,75.58,250919396,214616001
29/01/2022,1210,2618.858,75.61,251038875,214729952
30/01/2022,485,2620.291,75.63,251110441,214797965
31/01/2022,2607,2627.998,75.68,251268422,214958482
01/02/2022,3357,2637.921,75.73,251416499,215120679
02/02/2022,3589,2648.53,75.77,251560015,215277312
03/02/2022,2483,2655.87,75.81,251688313,215419086
04/02/2022,4122,2668.055,75.85,251840110,215605662
05/02/2022,925,2670.79,75.89,251948389,215740453
06/02/2022,466,2672.167,75.9,252007140,215802338
07/02/2022,2889,2680.707,75.94,252135060,215936368
08/02/2022,3001,2689.578,75.98,252260912,216083751
09/02/2022,3336,2699.44,76.02,252390922,216231107
10/02/2022,3251,2709.05,76.06,252519274,216372896
11/02/2022,2703,2717.04,76.1,252670518,216549358
12/02/2022,822,2719.47,76.13,252760464,216653272
13/02/2022,582,2721.19,76.14,252803187,216700447
14/02/2022,3182,2730.596,76.17,252891942,216799510
15/02/2022,2607,2738.303,76.2,252992605,216916423
16/02/2022,3183,2747.712,76.23,253095717,217034958
17/02/2022,2952,2756.438,76.26,253194985,217146304
18/02/2022,2503,2763.837,76.3,253318786,217290833
19/02/2022,686,2765.865,76.32,253392942,217370031
20/02/2022,446,2767.183,76.33,253435078,217412590
21/02/2022,916,2769.891,76.36,253514582,217501300
22/02/2022,2173,2776.314,76.39,253604970,217601169
23/02/2022,3092,2785.454,76.41,253692193,217695247
24/02/2022,2955,2794.19,76.44,253774866,217781635
25/02/2022,2081,2800.341,76.46,253870553,217887987
26/02/2022,762,2802.594,76.48,253935495,217953067
27/02/2022,225,2803.259,76.49,253969395,217985206
28/02/2022,2142,2809.591,76.52,254045366,218066921
01/03/2022,1768,2814.817,76.54,254113693,218140992
02/03/2022,2092,2821.001,76.56,254180058,218212998
03/03/2022,1708,2826.05,76.58,254244841,218282743
04/03/2022,1738,2831.187,76.6,254323120,218372149
05/03/2022,309,2832.101,76.62,254372484,218424537
06/03/2022,214,2832.733,76.62,254398691,218449437
07/03/2022,1698,2837.753,76.64,254455499,218504931
08/03/2022,1419,2841.947,76.66,254510527,218563840
09/03/2022,2024,2847.931,76.67,254566406,218623543
10/03/2022,1772,2853.169,76.69,254621046,218683505
11/03/2022,1660,2858.076,76.71,254685145,218757863
12/03/2022,279,2858.9,76.72,254724364,218799327
13/03/2022,193,2859.471,76.73,254746005,218820357
14/03/2022,1312,2863.349,76.74,254797661,218872176
15/03/2022,1082,2866.548,76.76,254850445,218925282
16/03/2022,1849,2872.013,76.78,254904929,218978213
17/03/2022,1497,2876.439,76.79,254955643,219026899
18/03/2022,816,2878.851,76.81,255018540,219089070
19/03/2022,285,2879.693,76.82,255057632,219126175
20/03/2022,88,2879.953,76.83,255080380,219144122
21/03/2022,1284,2883.749,76.85,255132460,219189434
22/03/2022,775,2886.04,76.86,255180769,219233654
23/03/2022,1641,2890.891,76.88,255233512,219280565
24/03/2022,866,2893.451,76.89,255286460,219324099
25/03/2022,620,2895.283,76.91,255348452,219379796
26/03/2022,151,2895.73,76.92,255382625,219410308
27/03/2022,61,2895.91,76.93,255400981,219425373
28/03/2022,1019,2898.922,76.94,255451278,219464004
29/03/2022,988,2901.843,76.96,255497859,219504260
30/03/2022,1169,2905.298,76.97,255558102,219562454
31/03/2022,518,2906.83,77,255633509,219629056
01/04/2022,830,2909.283,77.02,255712464,219709862
02/04/2022,158,2909.75,77.03,255757729,219754432
03/04/2022,60,2909.928,77.04,255786326,219780432
04/04/2022,594,2911.684,77.06,255856013,219842757
05/04/2022,512,2913.197,77.08,255919201,219904673
06/04/2022,1106,2916.466,77.1,255984071,219969497
07/04/2022,857,2919,77.12,256048700,220032908
08/04/2022,616,2920.821,77.14,256121156,220108417
09/04/2022,169,2921.32,77.16,256164776,220150942
10/04/2022,30,2921.409,77.16,256192062,220175655
11/04/2022,326,2922.373,77.18,256255787,220237899
12/04/2022,603,2924.155,77.2,256320771,220301761
13/04/2022,935,2926.919,77.22,256386360,220364316
14/04/2022,742,2929.112,77.24,256452713,220426921
15/04/2022,440,2930.413,77.26,256519738,220491819
16/04/2022,54,2930.573,77.27,256556451,220525063
17/04/2022,11,2930.605,77.28,256568266,220533437
18/04/2022,243,2931.323,77.3,256627454,220590266
19/04/2022,454,2932.666,77.31,256688610,220647410
20/04/2022,894,2935.308,77.33,256749215,220705336
21/04/2022,413,2936.529,77.35,256807526,220761064
22/04/2022,510,2938.037,77.37,256864385,220817564
23/04/2022,68,2938.238,77.38,256901147,220850991
24/04/2022,32,2938.332,77.38,256921938,220868979
25/04/2022,264,2939.113,77.4,256972153,220918111
26/04/2022,323,2940.067,77.41,257024422,220967785
27/04/2022,786,2942.391,77.43,257078714,221019840
28/04/2022,430,2943.662,77.45,257133657,221073221
29/04/2022,406,2944.862,77.47,257192160,221132446
30/04/2022,132,2945.252,77.48,257226191,221164059
01/05/2022,23,2945.32,77.48,257246865,221181577
02/05/2022,291,2946.181,77.5,257294774,221226600
03/05/2022,453,2947.52,77.51,257344865,221273821
04/05/2022,1952,2953.29,77.53,257395203,221320945
05/05/2022,300,2954.177,77.54,257444623,221368471
06/05/2022,358,2955.235,77.56,257499058,221422618
07/05/2022,211,2955.859,77.57,257529234,221450307
08/05/2022,30,2955.947,77.57,257545150,221462095
09/05/2022,250,2956.686,77.59,257592491,221506914
10/05/2022,332,2957.668,77.6,257643510,221553355
11/05/2022,673,2959.657,77.62,257694383,221600559
12/05/2022,313,2960.582,77.63,257745181,221648491
13/05/2022,201,2961.177,77.65,257802415,221700944
14/05/2022,66,2961.372,77.66,257835690,221730831
15/05/2022,37,2961.481,77.67,257855864,221747867
16/05/2022,243,2962.199,77.68,257905674,221791674
17/05/2022,401,2963.385,77.7,257957923,221836696
18/05/2022,949,2966.19,77.71,258010897,221883631
19/05/2022,357,2967.245,77.73,258064420,221931473
20/05/2022,399,2968.425,77.75,258124798,221986196
21/05/2022,95,2968.706,77.76,258159387,222017565
22/05/2022,47,2968.845,77.76,258180948,222036227
23/05/2022,244,2969.566,77.78,258234554,222083519
24/05/2022,344,2970.583,77.8,258286707,222128745
25/05/2022,1077,2973.766,77.81,258338434,222174376
26/05/2022,366,2974.848,77.83,258388507,222217693
27/05/2022,524,2976.397,77.84,258443873,222267192
28/05/2022,47,2976.536,77.85,258471315,222291033
29/05/2022,17,2976.586,77.86,258488715,222304674
30/05/2022,42,2976.711,77.86,258494609,222308913
31/05/2022,367,2977.795,77.87,258544680,222354507
01/06/2022,665,2979.761,77.89,258593506,222395700
02/06/2022,339,2980.763,77.9,258640346,222435280
03/06/2022,372,2981.863,77.92,258692244,222480032
04/06/2022,184,2982.407,77.93,258719316,222502913
05/06/2022,34,2982.507,77.93,258736419,222516293
06/06/2022,278,2983.329,77.94,258781764,222554077
07/06/2022,481,2984.751,77.96,258826092,222590258
08/06/2022,1174,2988.221,77.97,258871104,222627408
09/06/2022,321,2989.17,77.98,258914865,222662634
10/06/2022,359,2990.232,78,258962393,222703246
11/06/2022,117,2990.577,78.01,258987680,222724311
12/06/2022,29,2990.663,78.01,259003168,222736635
13/06/2022,271,2991.464,78.02,259043711,222770294
14/06/2022,384,2992.599,78.04,259085901,222803716
15/06/2022,702,2994.674,78.05,259127211,222838295
16/06/2022,449,2996.002,78.06,259168401,222871813
17/06/2022,317,2996.939,78.07,259211874,222908208
18/06/2022,43,2997.066,78.08,259234671,222926134
19/06/2022,54,2997.226,78.08,259246545,222935302
20/06/2022,72,2997.438,78.1,259283677,222961592
21/06/2022,479,2998.854,78.11,259335102,222993765
22/06/2022,843,3001.346,78.13,259398738,223027382
23/06/2022,393,3002.508,78.15,259468376,223059028
24/06/2022,432,3003.785,78.17,259546712,223093910
25/06/2022,163,3004.267,78.19,259608408,223110728
26/06/2022,22,3004.332,78.2,259633408,223120688
27/06/2022,298,3005.213,78.22,259700333,223149653
28/06/2022,577,3006.918,78.24,259771322,223179689
29/06/2022,706,3009.005,78.26,259845743,223210554
30/06/2022,,3008.255,78.29,259922329,223242047
01/07/2022,497,3009.724,78.31,259995405,223273373
02/07/2022,50,3009.872,78.32,260026699,223287427
03/07/2022,7,3009.892,78.32,260041578,223295566
04/07/2022,79,3010.126,78.32,260045612,223297489
05/07/2022,462,3011.491,78.34,260110362,223330349
06/07/2022,751,3013.711,78.37,260179109,223361475
07/07/2022,1090,3016.934,78.39,260248154,223392523
08/07/2022,482,3018.358,78.41,260322016,223427201
09/07/2022,98,3018.648,78.42,260361653,223444331
10/07/2022,31,3018.74,78.43,260382925,223453903
11/07/2022,456,3020.088,78.44,260442480,223484478
12/07/2022,580,3021.802,78.46,260509817,223516812
13/07/2022,956,3024.628,78.49,260579642,223552940
14/07/2022,394,3025.793,78.51,260652223,223589078
15/07/2022,492,3027.247,78.53,260731434,223630734
16/07/2022,71,3027.457,78.54,260772832,223652146
17/07/2022,54,3027.617,78.55,260794546,223664919
18/07/2022,438,3028.911,78.57,260861853,223702641
19/07/2022,635,3030.788,78.59,260932827,223742729
20/07/2022,886,3033.408,78.61,261001851,223783700
21/07/2022,513,3034.924,78.63,261071216,223827063
22/07/2022,550,3036.55,78.66,261145583,223877834
23/07/2022,102,3036.851,78.67,261184384,223908591
24/07/2022,32,3036.946,78.67,261203934,223922932
25/07/2022,424,3038.199,78.69,261265350,223959785
26/07/2022,552,3039.831,78.71,261329551,224001814
27/07/2022,932,3042.586,78.73,261391905,224043672
28/07/2022,425,3043.842,78.75,261453669,224087091
29/07/2022,605,3045.631,78.77,261518178,224133471
30/07/2022,51,3045.782,78.78,261549219,224154617
31/07/2022,13,3045.82,78.78,261565283,224164719
01/08/2022,567,3047.496,78.8,261619293,224195522
02/08/2022,517,3049.024,78.82,261676535,224232164
03/08/2022,1055,3052.143,78.83,261733868,224268400
04/08/2022,663,3054.103,78.85,261790239,224303785
05/08/2022,687,3056.134,78.87,261849532,224343802
06/08/2022,71,3056.343,78.88,261878716,224366127
07/08/2022,32,3056.438,78.88,261893699,224378669
08/08/2022,496,3057.904,78.9,261944133,224411117
09/08/2022,651,3059.829,78.91,261996263,224445594
10/08/2022,913,3062.528,78.93,262046130,224477941
11/08/2022,589,3064.269,78.94,262097833,224511111
12/08/2022,617,3066.093,78.96,262153160,224549206
13/08/2022,86,3066.347,78.97,262179891,224568362
14/08/2022,17,3066.397,78.97,262193886,224577324
15/08/2022,462,3067.763,78.99,262240183,224607903
16/08/2022,520,3069.3,79,262288339,224639693
17/08/2022,1068,3072.457,79.01,262336030,224671081
18/08/2022,649,3074.375,79.03,262383052,224701922
19/08/2022,564,3076.043,79.04,262434034,224738142
20/08/2022,73,3076.258,79.05,262456214,224754054
21/08/2022,788,3078.588,79.05,262467812,224761665
22/08/2022,,3077.837,79.07,262508936,224788620
23/08/2022,621,3079.673,79.08,262552208,224817710
24/08/2022,930,3082.422,79.09,262595219,224846924
25/08/2022,650,3084.343,79.11,262638550,224875900
26/08/2022,671,3086.327,79.12,262683389,224908194
27/08/2022,71,3086.537,79.13,262703820,224923517
28/08/2022,18,3086.59,79.13,262714245,224930729
29/08/2022,475,3087.994,79.14,262749501,224955345
30/08/2022,411,3089.209,79.15,262787840,224980808
31/08/2022,1490,3093.613,79.16,262823643,225005731
01/09/2022,717,3095.733,79.17,262854159,225026413
02/09/2022,451,3097.066,79.18,262884701,225049676
03/09/2022,67,3097.264,79.18,262897813,225060307
04/09/2022,14,3097.305,79.19,262906746,225066601
05/09/2022,89,3097.568,79.19,262910495,225068594
06/09/2022,606,3099.36,79.2,262946514,225097548
07/09/2022,780,3101.666,79.21,262999962,225139102
08/09/2022,711,3103.767,79.23,263054876,225181928
09/09/2022,504,3105.257,79.25,263120068,225236034
10/09/2022,81,3105.497,79.26,263155374,225269556
11/09/2022,21,3105.559,79.27,263177980,225288100
12/09/2022,453,3106.898,79.29,263237584,225336191
13/09/2022,528,3108.459,79.3,263295440,225383135
14/09/2022,950,3111.267,79.32,263356270,225433518
15/09/2022,695,3113.321,79.34,263418517,225484954
16/09/2022,408,3114.527,79.36,263491696,225548028
17/09/2022,58,3114.699,79.37,263528032,225578734
18/09/2022,22,3114.764,79.38,263550397,225595569
19/09/2022,390,3115.917,79.4,263613349,225646178
20/09/2022,449,3117.244,79.42,263676214,225698217
21/09/2022,966,3120.099,79.44,263743485,225754561
22/09/2022,690,3122.139,79.46,263810565,225810804
23/09/2022,398,3123.316,79.48,263890101,225878368
24/09/2022,81,3123.555,79.49,263928746,225911844
25/09/2022,18,3123.608,79.5,263952083,225929304
26/09/2022,368,3124.696,79.52,264019865,225982344
27/09/2022,452,3126.032,79.54,264086045,226036285
28/09/2022,1271,3129.789,79.56,264154960,226093458
29/09/2022,727,3131.938,79.58,264222121,226150320
30/09/2022,319,3132.881,79.61,264297534,226215132
01/10/2022,35,3132.985,79.62,264332684,226244075
02/10/2022,17,3133.035,79.62,264354381,226260667
03/10/2022,293,3133.901,79.64,264420167,226313175
04/10/2022,505,3135.394,79.66,264485595,226367038
05/10/2022,1027,3138.43,79.68,264557370,226424971
06/10/2022,625,3140.277,79.71,264627854,226481656
07/10/2022,400,3141.46,79.73,264706841,226547313
08/10/2022,51,3141.611,79.74,264745243,226577714
09/10/2022,12,3141.646,79.75,264768562,226594981
10/10/2022,137,3142.051,79.77,264833603,226648715
11/10/2022,609,3143.851,79.79,264900811,226703597
12/10/2022,770,3146.127,79.81,264974931,226762965
13/10/2022,594,3147.883,79.83,265046733,226819642
14/10/2022,331,3148.862,79.86,265127888,226884845
15/10/2022,42,3148.986,79.87,265165037,226913638
16/10/2022,11,3149.018,79.87,265188246,226930239
17/10/2022,337,3150.015,79.9,265260247,226985155
18/10/2022,437,3151.306,79.92,265330363,227039356
19/10/2022,710,3153.405,79.94,265405067,227096996
20/10/2022,605,3155.194,79.96,265477056,227152661
21/10/2022,581,3156.911,79.98,265556355,227215248
22/10/2022,23,3156.979,80,265593105,227243461
23/10/2022,12,3157.015,80,265615633,227259291
24/10/2022,210,3157.635,80.02,265684888,227312810
25/10/2022,435,3158.921,80.04,265755030,227367238
26/10/2022,1100,3162.173,80.07,265832080,227426489
27/10/2022,593,3163.926,80.09,265903699,227481819
28/10/2022,192,3164.493,80.11,265981011,227543570
29/10/2022,35,3164.597,80.12,266015837,227570229
30/10/2022,9,3164.623,80.13,266035825,227584392
31/10/2022,132,3165.014,80.15,266093500,227626478
01/11/2022,445,3166.329,80.16,266154462,227672039
02/11/2022,721,3168.46,80.18,266219721,227720203
03/11/2022,645,3170.367,80.2,266284973,227768212
04/11/2022,355,3171.416,80.23,266360860,227824982
05/11/2022,32,3171.511,80.24,266395826,227850494
06/11/2022,18,3171.564,80.24,266415920,227864404
07/11/2022,134,3171.96,80.26,266474970,227907129
08/11/2022,220,3172.611,80.28,266533417,227948851
09/11/2022,907,3175.292,80.3,266591480,227991302
10/11/2022,592,3177.042,80.31,266649929,228033670
11/11/2022,56,3177.207,80.33,266708797,228079073
12/11/2022,5,3177.222,80.34,266738721,228100719
13/11/2022,13,3177.261,80.35,266757987,228113234
14/11/2022,254,3178.011,80.36,266811853,228152588
15/11/2022,402,3179.2,80.38,266867140,228192668
16/11/2022,801,3181.567,80.4,266923828,228233577
17/11/2022,528,3183.128,80.41,266979421,228273630
18/11/2022,509,3184.633,80.43,267039890,228317902
19/11/2022,23,3184.701,80.44,267069425,228338696
20/11/2022,20,3184.76,80.45,267087804,228350682
21/11/2022,211,3185.384,80.46,267140238,228386988
22/11/2022,567,3187.06,80.48,267187693,228421807
23/11/2022,986,3189.974,80.49,267229476,228451990
24/11/2022,189,3190.533,80.49,267230552,228452472
25/11/2022,154,3190.988,80.5,267257505,228470758
26/11/2022,13,3191.027,80.5,267279564,228485976
27/11/2022,12,3191.062,80.51,267294635,228495909
28/11/2022,298,3191.943,80.52,267331416,228522761
29/11/2022,412,3193.161,80.53,267370124,228551198
30/11/2022,560,3194.816,80.55,267418455,228587849
01/12/2022,686,3196.844,80.56,267460231,228619671
02/12/2022,309,3197.758,80.57,267507414,228655443
03/12/2022,28,3197.84,80.58,267530897,228671654
04/12/2022,11,3197.873,80.58,267545595,228681225
05/12/2022,222,3198.529,80.6,267584897,228708669
06/12/2022,604,3200.315,80.61,267624722,228737047
07/12/2022,1006,3203.288,80.62,267666365,228766728
08/12/2022,890,3205.919,80.63,267707677,228796941
09/12/2022,199,3206.508,80.65,267753228,228830139
10/12/2022,30,3206.596,80.65,267777678,228846524
11/12/2022,11,3206.629,80.66,267793634,228856427
12/12/2022,228,3207.303,80.67,267834492,228884551
13/12/2022,592,3209.053,80.68,267876011,228912906
14/12/2022,881,3211.657,80.7,267916129,228940675
15/12/2022,819,3214.078,80.71,267953958,228965748
16/12/2022,425,3215.334,80.72,267995773,228995104
17/12/2022,24,3215.405,80.73,268019296,229011236
18/12/2022,14,3215.447,80.73,268035155,229020957
19/12/2022,277,3216.266,80.74,268075480,229047953
20/12/2022,578,3217.974,80.76,268114277,229074065
21/12/2022,1038,3221.042,80.77,268151455,229098557
22/12/2022,589,3222.784,80.78,268182654,229118043
23/12/2022,200,3223.375,80.78,268204674,229131594
24/12/2022,17,3223.425,80.78,268211219,229135588
25/12/2022,8,3223.449,80.78,268212310,229135736
26/12/2022,24,3223.52,80.79,268230752,229145351
27/12/2022,350,3224.554,80.8,268267057,229168873
28/12/2022,979,3227.448,80.81,268302116,229191533
29/12/2022,916,3230.156,80.82,268337247,229213958
30/12/2022,208,3230.771,80.83,268368776,229234484
31/12/2022,19,3230.827,80.83,268377866,229239141
01/01/2023,3,3230.836,80.84,268379804,229239785
02/01/2023,17,3230.886,80.84,268398577,229250512
03/01/2023,390,3232.039,80.85,268427950,229270927
04/01/2023,1275,3235.808,80.86,268455848,229289717
05/01/2023,820,3238.232,80.87,268483892,229309086
06/01/2023,438,3239.527,80.88,268515186,229331442
07/01/2023,14,3239.568,80.88,268530483,229341511
08/01/2023,0,3239.568,80.88,268538598,229346380
09/01/2023,248,3240.301,80.89,268554017,229356860
10/01/2023,864,3242.855,80.89,268556888,229359062
