Date,Alabama,Alaska,Arizona,Arkansas,California,Colorado,Connecticut,Delaware,District of Columbia,Florida,Georgia,Hawaii,Idaho,Illinois,Indiana,Iowa,Kansas,Kentucky,Louisiana,Maine,Maryland,Massachusetts,Michigan,Minnesota,Mississippi,Missouri,Montana,Nebraska,Nevada,New Hampshire,New Jersey,New Mexico,New York,North Carolina,North Dakota,Ohio,Oklahoma,Oregon,Pennsylvania,Rhode Island,South Carolina,South Dakota,Tennessee,Texas,Utah,Vermont,Virginia,Washington,West Virginia,Wisconsin,Wyoming,Year
1970-01-01,29.74408907,37.33193983,13.89854284,18.72613285,14.7131897,19.35112887,15.72903441,29.16934092,18.04473627,15.23864561,15.96000723,17.99877158,14.27546511,22.21534758,33.05117316,18.88240366,22.7116982,26.7100624,39.46116957,16.85611609,18.84176699,17.45006566,21.01222137,18.17289652,17.4261117,18.47918867,20.57993035,18.50236529,21.85220607,17.28564855,18.00676229,34.17398279,15.59590518,19.08131607,23.79399538,25.82001949,21.64758032,12.19814658,25.96320299,13.80018022,16.24620465,14.00253786,19.78701353,31.93988576,22.88206883,12.41757982,18.59233406,13.11555771,43.95926672,19.91099387,55.67148296,1970
1971-01-01,28.15588051,39.98867965,14.23983719,17.79477031,15.03134828,18.92000426,14.99338633,28.19384014,15.83610763,15.5773276,16.88625448,18.7727726,14.97760056,21.75925975,32.18363236,18.7224679,23.48964005,26.82192007,39.54512977,20.27386199,18.76009806,17.4324415,21.47070792,17.77567542,17.88091469,18.84520726,20.89808741,18.28422795,26.52574792,17.5308202,17.1637666,35.32362819,15.09153583,19.06063331,25.38731235,25.14121464,21.53286633,12.5529883,25.5247581,14.0850588,16.54853171,13.86007879,19.01627459,32.64491559,23.17082364,12.10121651,18.40055896,13.37747559,44.04594272,18.99820764,55.25449223,1971
1972-01-01,29.650326,41.42156805,15.02950264,18.41956883,15.19142244,19.73705411,15.38467741,27.94729858,15.23691303,16.20017593,18.04115281,18.71410152,15.26129432,22.51259588,34.70760186,19.71952426,24.85602498,28.21837325,41.29316557,21.43034035,18.72191819,18.03645221,22.08755356,18.78389911,18.77441367,19.90125518,21.83220038,19.40857553,34.59324138,18.04055335,17.43536117,36.77360476,14.94578657,19.70579781,26.72657237,26.51137592,22.28820812,13.35323445,26.44929279,13.83878759,17.23503677,14.2962667,21.24262612,33.85659705,22.71317944,12.46785041,18.38339938,15.1680917,49.50526908,18.71619912,62.43203643,1972
1973-01-01,30.60422779,37.73584401,16.21879464,19.82994968,15.77830384,20.45979536,15.83343912,29.83307741,16.21096594,16.70968986,18.96254409,18.7220338,15.29032214,22.84215412,35.29280281,20.75858135,25.18038668,28.02994874,44.58315437,20.37695884,19.94592851,17.85869299,22.02885986,19.54377115,18.75502869,20.89439212,23.37576222,19.72581384,35.32607489,16.98207588,17.93206996,36.21228092,15.42425658,20.22380188,25.90841853,27.08228222,22.16461108,13.22342001,27.38256767,12.85285491,17.58514728,13.91173689,23.78747893,36.15860645,24.13979596,12.66535131,18.2755251,16.50333674,54.04215567,18.886722,66.91463552,1973
1974-01-01,29.99932236,37.4753955,16.5258985,18.61614072,14.37906038,19.86639411,14.77740518,28.67023422,13.71772314,14.97705044,18.34205551,17.40008266,14.94503037,22.37959025,33.85650945,19.57700587,25.29250881,27.88031436,45.07595337,17.69982035,18.53549911,16.35545902,20.87860526,19.10336436,18.22461496,20.36490695,22.49218977,18.88485552,34.17465018,15.42840354,16.34612141,35.85753486,14.33715016,19.05518305,26.57652811,27.09696693,22.63941758,11.96751584,25.69480468,12.12775562,16.06016317,13.47523469,21.42758082,34.82861412,24.6781412,11.22016923,17.09560737,14.97078696,55.26872174,18.05179516,65.2972015,1974
1975-01-01,29.29582666,38.62892805,16.72697264,16.83589087,14.46171989,20.03157632,13.52192433,26.47889085,11.15940915,14.78493634,18.05763941,17.16471493,15.78737126,21.73405891,33.3564594,19.1386643,25.24132738,26.31632823,41.10884483,14.99254694,16.2223847,15.94564625,21.03545601,18.50610146,17.02919957,20.9865578,22.4778032,18.61191124,33.79517658,15.18130196,14.44101398,33.7870207,13.57868445,17.16445636,25.37638037,26.39854198,22.50749162,11.48382642,24.46357864,11.13242011,14.68851404,15.99076855,20.97616239,32.35038412,25.08229198,10.77336869,16.08246528,15.15966442,53.11280212,17.64805774,66.32333666,1975
1976-01-01,28.93953268,39.82383295,18.66033802,17.90669521,14.90214352,20.94793472,14.08787442,27.38479614,11.11312202,15.52096925,18.74654715,17.27624932,15.08217828,22.40982786,33.65597668,20.15069388,26.29632385,28.62917013,46.22940453,17.14902467,17.49845354,16.80855341,21.20415466,19.62357174,17.84851437,22.15696594,25.66527299,20.12352004,34.36776787,16.15118506,15.96252303,35.30043404,14.63622449,18.9030055,28.81619057,27.57685094,24.40690468,11.22531777,25.93677578,11.23121235,17.19347036,18.19154562,23.46168368,32.70423315,24.12788751,12.10551322,16.81198477,14.87105371,55.4064754,18.30349732,77.73199256,1976
1977-01-01,29.54599258,44.54169084,20.82503331,18.85425657,15.85875207,21.63005017,13.95056233,27.26316449,11.70288558,15.60331848,20.05717852,18.15641522,14.58853218,22.51052338,34.33589816,20.17048995,26.68339909,28.42338857,51.04200609,17.21544932,16.2028353,16.60282432,20.17114714,19.90740147,19.22461765,22.89935945,26.77900048,20.04725615,34.99485367,16.21215794,15.42392729,34.31484823,14.58529135,19.02880961,30.64564825,27.25624788,25.15970351,11.23896499,25.47173689,11.57999489,18.0863657,17.87643324,23.16470716,34.9499422,24.21956419,11.85914131,16.82859804,15.92284716,53.95381446,18.84466092,87.85017768,1977
1978-01-01,27.82607416,48.1058633,19.59637516,18.91154059,15.11802399,21.12186879,14.22039308,27.19912733,11.20336676,16.05161525,20.11429735,18.22450575,14.59737708,22.67958039,33.92991085,19.9022229,28.97412692,28.49078592,52.20333357,15.85867171,16.78110787,16.30218886,20.47022267,20.09509144,20.14588424,22.67886573,27.23694241,19.70472538,31.34368667,15.20028206,15.1079474,32.40058253,14.3956646,17.90605356,34.3962923,27.27802925,26.42019103,11.76747839,25.47961398,10.63491319,17.46153735,18.7326194,23.23170131,36.47785697,24.93114599,11.64992218,16.07948619,15.15191652,50.27744989,19.0749209,85.73666141,1978
1979-01-01,28.85468436,43.35798802,21.2999712,17.72167799,15.56772549,20.67202002,13.5706243,28.70123975,9.300423154,16.27585338,20.63364807,19.2823585,14.28402681,21.81477177,35.04452705,21.69942209,31.05143321,28.19818028,49.30716417,14.43782342,17.50148942,13.98079497,20.37010552,18.97260561,20.10977474,22.39874194,28.88752128,20.17599301,30.66103674,14.2015031,14.91054224,31.57487625,13.26133058,19.00878401,38.12366698,27.12962619,26.92580732,11.65132196,26.58872964,9.753633376,17.09449465,18.44614408,22.31631421,36.88482729,25.83349386,10.60330325,16.86413655,15.38349637,51.97605445,18.86157658,92.5238936,1979
1980-01-01,27.47364715,42.92029462,19.31037465,16.3851292,14.47017943,20.23897604,12.89682168,29.39401069,8.228573298,15.83276973,20.60655934,18.69053627,11.82880471,20.32200327,33.52960695,20.29947949,28.66941062,28.34783674,45.66650117,12.96651473,15.96716737,13.50758216,19.38509087,17.48175161,18.8777073,21.23711428,25.72105099,19.19737106,27.60946416,13.84820115,15.04446904,34.30966199,12.6299081,19.09989158,38.99333978,25.41611015,25.41576727,10.70503139,24.80796207,8.811982335,17.58861238,16.77933109,21.91269472,36.02344332,24.40471682,8.991685694,15.25546112,13.97181792,52.51040134,17.33341998,86.64676102,1980
1981-01-01,26.47386051,40.77593181,21.31307718,18.7241873,13.76149974,19.41622453,11.32547591,27.42098285,7.365016536,15.30965413,20.38948838,16.63477797,10.55363894,18.7150207,32.74050672,20.11526756,27.08901258,28.12262599,44.98634445,12.67990674,14.82575803,12.72789003,18.46164632,16.30357128,17.77828067,20.64714026,23.51217463,18.00556379,28.16199734,12.28909278,14.5201354,33.06508276,11.71703406,18.8949259,40.83454397,24.83402795,25.88485655,11.1834646,22.89473849,8.14947408,17.53364937,15.80705714,21.48234957,34.69188383,22.28111364,8.659187406,14.38413118,13.9201689,53.22400141,16.56800021,91.59714488,1981
1982-01-01,23.16618382,53.14690215,20.233271,18.62163566,12.03761988,19.26357371,11.29168017,24.5380691,8.176018541,13.37197838,19.48625446,14.99927131,10.00944177,17.84116151,29.65816816,19.87370294,26.34149071,26.73148101,40.59998649,15.32550129,14.28304711,13.22364338,17.35993653,15.77151301,17.76645264,20.52315789,20.34848208,18.20568822,28.7610944,11.84417817,14.74984742,33.12154864,11.11967357,17.98667184,43.12231571,22.88154178,26.44103087,10.85577525,20.3397772,7.797940463,16.32458056,16.4884507,18.98562222,31.68254117,20.67932509,7.81045769,13.61903116,12.84043349,49.14589316,16.31208975,91.90163389,1982
1983-01-01,22.8556159,53.11776154,18.24231122,20.42461499,11.5724367,18.23855045,10.99846861,29.20956095,7.950886666,13.59457978,20.47200124,14.71657359,9.808306756,18.44971886,30.89245986,19.5994008,26.0513272,27.20434184,38.22909333,11.62917859,14.47613839,12.64617442,17.13429803,15.27685342,16.66188906,20.76268677,20.43399025,18.88419158,27.95319914,11.7042503,14.87899244,34.91488848,10.0665808,17.72287198,44.45769886,21.87516205,25.95454254,9.691465079,20.79389599,8.033404791,15.37002433,15.00983229,20.34348653,30.99020935,21.00658789,8.434161445,13.88284115,11.70034656,50.08039168,16.67670223,82.63131699,1983
1984-01-01,24.12085889,55.70215306,19.08215082,19.38945032,12.20775453,19.22099967,11.93915598,30.11891375,8.275447623,13.01779314,22.282503,15.40969289,9.841223267,18.10927814,33.93602618,19.87721841,29.16137563,28.42157429,39.837172,13.12417664,15.74408295,13.72912843,17.93470889,16.32389953,17.25886523,21.37020664,25.14059754,19.88872578,28.62464913,13.3483036,15.60230376,32.46042113,10.31566877,17.72748483,50.56201131,22.53866444,26.56561911,10.23206122,22.23024954,8.807511231,16.24062009,15.51213359,21.08378295,31.69151682,22.09391161,9.431609142,14.70998935,13.11744535,54.71470756,17.11620013,91.79080982,1984
1985-01-01,25.58071977,54.48161791,19.18279992,21.12020614,12.12587814,19.17274908,11.82977936,28.10567738,7.460425827,13.42249044,22.9097392,16.3604483,9.989216469,17.41380745,33.5035332,20.44144288,28.04543468,29.15046465,37.39723309,12.70145876,14.69418789,13.5033391,18.369893,15.92327417,16.88970778,20.13284597,26.94056846,19.27322828,24.67942189,13.3016918,14.82966067,32.42698257,10.56202861,17.14356431,56.45683812,22.4691785,25.72512692,10.05667099,21.31992921,8.739891895,16.37053445,15.81828066,21.88719794,31.52057925,22.44494826,9.767863026,14.42179623,13.533741,53.59534475,16.9904771,101.0499533,1985
1986-01-01,25.47096942,57.71556823,17.01325441,21.44395854,11.31554123,18.76141557,12.26200435,27.31187772,8.156991201,14.00421752,21.58604062,15.82600169,9.89520586,17.23859976,32.70714947,20.25707702,26.79316284,30.08467702,39.54459024,15.88328017,14.83700044,14.36297507,18.66966729,15.27105593,17.25012684,19.66981905,28.88067306,18.38721644,27.63882112,13.61021689,14.9844183,29.5118746,10.69347594,17.79711997,58.15448052,22.86489181,23.93431356,9.838914645,20.88073049,9.741146804,16.25714635,15.32479948,22.09231379,30.70236642,21.58116693,9.466457401,15.01483987,13.60900901,54.00973487,16.88763649,87.04929216,1986
1987-01-01,25.82211956,55.19417531,16.40428608,20.09595841,12.09036013,18.83457722,12.23483594,28.13056288,7.849961552,14.50451192,22.04293093,15.67845714,10.20294975,16.87718188,33.74070589,21.10255659,27.97162481,30.61003137,40.5290398,14.71352238,15.5900784,14.4195438,18.93309195,16.15702796,17.893915,20.06351916,29.25169642,19.21153482,26.84602809,14.43778603,15.47252555,31.34365606,11.28165458,16.80410434,59.771642,22.99171549,25.68945147,10.23777752,21.75918175,9.939146843,17.20168565,13.51510692,21.66324359,31.03460595,26.5408911,10.08677833,15.81368546,14.65019986,54.90106755,17.13433177,111.7265935,1987
1988-01-01,26.07966814,55.77530885,16.85437187,21.7542685,12.10526446,19.54748343,12.91190918,28.56909234,7.782428739,14.94469,22.02779976,18.18501541,10.74804684,17.30352132,35.53287377,22.57631568,28.72101844,33.40053348,42.73886636,16.97479305,15.91073222,14.27123066,19.61350202,17.92037495,19.11805483,20.72867548,35.80494844,21.66095079,29.20617194,14.47041172,15.17009494,32.26104367,11.64643381,17.2636459,67.87137148,23.82757328,27.07974093,10.76204899,22.74132268,10.37834784,18.0181343,16.4479056,22.07593463,32.80379896,30.58305335,10.40905221,16.07461439,15.15120107,58.39807247,17.92083634,119.3584084,1988
1989-01-01,27.25827654,60.88353838,18.08032118,21.87534807,12.30010351,19.83591553,13.32179746,27.01454947,8.076655718,14.89063688,20.92767105,18.71330604,11.2431166,16.95074465,36.10996207,22.60611305,27.80506034,32.40596124,44.12825333,15.67510354,16.36266173,14.81039689,19.22841036,18.43615821,17.86775712,20.74284074,36.31896101,20.62008998,27.62694562,14.36186347,15.74032635,33.48321303,11.89244577,17.64233771,68.35303409,23.77609826,27.67376483,10.95750601,22.94658224,9.243025174,17.6042952,16.78011991,21.22455438,33.65263948,30.6364935,10.09297222,16.35490534,15.25793505,60.63963506,17.92178668,117.0637486,1989
1990-01-01,27.07066333,61.35305068,17.12576864,21.54504087,12.02263291,20.11605428,12.28512573,26.92139424,7.33260396,14.38840375,21.34920716,19.21830797,11.18894019,16.83711824,37.08306231,22.83222863,27.74889156,32.57279104,45.36408155,15.33758968,14.665568,13.77104664,19.34801497,17.95938984,18.76496555,20.05257386,34.94839017,20.75719862,25.17406389,13.13379432,14.15939133,34.71680868,11.50459762,16.68940923,70.38567403,22.70778601,27.89806821,10.77594522,22.21163027,8.823755182,17.43429695,16.85191444,21.51604468,33.42555294,31.46907616,9.674841443,15.29458647,14.61385665,57.66040064,17.48565944,126.0315139,1990
1991-01-01,27.79494419,60.44593959,16.87787805,20.87003912,11.44584176,20.00800366,11.99789231,26.19221718,7.295162859,14.09907639,19.69701895,17.1369752,11.51390144,16.63635728,36.04210433,23.43737009,27.10720499,32.23997317,44.83877021,14.87647383,14.24696985,13.57999758,18.98414712,17.7306615,18.51630251,19.97170783,36.01273118,21.13254231,25.20280417,12.87433424,14.15699039,31.0098367,11.01108828,16.34309966,72.09041354,22.38137556,28.08227021,11.75569913,21.45950224,10.62332509,17.42498854,16.37515146,20.25610779,32.44503003,29.99963698,9.963218471,15.26593185,14.34608757,53.25620953,17.72071683,120.9177855,1991
1992-01-01,29.07500492,60.83878544,17.05525822,21.25956566,11.39405003,19.68173791,12.12895678,25.58825757,7.293420786,13.98970017,19.18302939,17.64645583,10.52119572,16.15084336,35.23438057,22.71156144,25.77511888,32.91158945,46.09736976,15.5303746,13.71129581,13.88390227,18.71362356,17.8211759,18.38206606,19.75486053,36.95840729,20.23692688,24.92590399,12.89144493,14.90858344,31.95426665,10.91009093,17.60762221,74.67852429,22.6185557,28.63794526,11.89074031,22.02084487,12.78908397,16.98517198,16.29598532,21.06201861,32.15621116,29.94165629,10.70758838,15.20323253,15.58385045,54.25108954,17.33863469,131.2413849,1992
1993-01-01,29.73312679,59.58745698,16.99184133,20.53536698,10.94445796,20.05926076,11.50688401,27.11320394,7.625909754,13.9110865,20.10100706,15.96152775,11.17642943,17.29660121,35.59820823,23.72061729,27.91006214,35.31708643,46.59043154,15.11957259,14.01606688,13.34129773,18.68003408,18.57780245,19.02333083,19.19906554,33.22756899,22.0897129,24.1519695,13.18149231,14.40836594,31.68794374,10.53993006,18.00362002,74.76201327,22.8751351,29.28651718,11.48791412,22.24438968,10.65270995,17.99467296,17.01590756,22.78571133,32.34068917,29.87848798,10.71621283,15.63431752,14.26246148,54.36276006,17.79940398,123.0566966,1993
1994-01-01,28.92546911,58.94986876,16.91195946,21.77360866,11.41235308,19.60489559,11.27572155,25.72863669,7.642545639,14.13024286,19.99246263,16.84286805,10.94820281,17.1132686,35.21389265,23.99819573,27.74948978,34.42696088,47.41167508,16.20946167,14.11011766,13.30733009,19.37150276,18.69763316,18.65417929,20.44009027,36.0110857,21.86666568,24.22011386,13.07034703,15.48051384,30.76749039,10.38528881,16.95789751,74.77450253,22.44074114,28.48345709,11.79770499,21.93774133,12.55187031,17.83597596,17.70456892,21.35104224,31.62181509,29.4757693,10.30792689,15.25767414,14.94495951,58.50188561,18.24352091,125.8392099,1994
1995-01-01,30.4855909,66.28827709,15.05834889,22.7478394,11.00252769,19.09058596,11.04506404,23.99612537,7.607137914,14.22813062,20.68235655,16.70593518,11.31955019,17.31143771,35.79358627,25.04496828,26.73879215,35.49285155,47.26152777,15.16649862,13.90479289,12.79008875,19.52774717,19.09013581,18.940793,21.56450899,34.99260497,23.17975247,22.43192,13.00357572,15.31115734,29.28848635,10.6558431,17.46856455,74.2717492,22.55695661,28.60199826,10.72361363,22.1130693,11.82760684,17.37776959,17.27233221,22.25739501,31.13714596,28.79819541,10.17193354,15.44336991,14.2738058,57.50602778,18.63538525,119.983897,1995
1996-01-01,31.68339968,67.51346669,14.95110874,23.4033252,10.92485485,19.39075818,11.81259173,24.50033698,7.654338145,14.30700475,20.80957421,15.89316757,11.45335634,18.36412152,36.25536866,25.97876799,28.53279556,35.49320706,48.4388579,15.48706481,14.22010895,12.81180241,19.91602849,19.93363754,19.81005404,22.54454378,31.52109354,23.63735568,22.94080383,12.9805986,15.19828349,29.96197087,10.75342855,18.68910869,75.36520896,23.62543184,29.13084174,11.16026803,22.51959905,13.19241087,18.29050816,17.16060498,22.08273571,32.86432016,28.43465855,10.57739825,15.96916819,14.68597512,59.1599293,19.23575933,122.1827168,1996
1997-01-01,30.7081708,67.25394965,15.14252182,22.74163638,10.85592564,18.95244899,12.63656866,22.43611435,7.493457262,14.34454632,20.44768861,15.42217268,11.21372218,18.51499085,36.60630688,25.68419569,27.0327179,36.16533649,50.07911876,15.60327167,14.1149474,13.68372443,19.56437834,19.25520294,20.09418974,22.98332181,33.57947074,24.2671913,21.6325003,13.88529397,15.26904072,31.45994772,10.94472306,18.5873727,73.25334116,23.17713922,29.2280097,10.85951347,22.64365348,13.23662738,18.51274311,17.81234542,22.32902636,32.9101889,28.8367288,10.87955718,16.10984803,14.00467997,61.10846702,19.58591604,120.782322,1997
1998-01-01,30.3119667,68.13070622,15.71266969,23.05023077,10.99386976,19.04735907,11.86220627,21.22701228,7.19683448,14.8729764,20.14015502,15.395032,11.18665336,17.69232174,36.62607531,26.58670724,26.3483814,35.48733757,46.89397033,15.2944557,14.60875193,13.25023167,19.4060846,19.06745727,20.19421455,23.72518055,35.95738871,25.30803628,22.0301185,13.70706288,14.59454474,30.89150765,10.8265955,18.19352869,75.33532698,23.04603703,28.52775384,12.41941214,21.74427249,13.36658654,19.13194549,17.17775857,21.90848606,32.56096572,29.34949891,10.42047718,16.21170935,14.59607238,63.48955848,19.07967734,130.2579815,1998
1999-01-01,30.66259545,68.58142199,16.04774557,23.65077665,10.92855004,19.03884326,12.15852795,21.16160867,7.268368085,14.58274159,20.00865168,15.21821811,11.67571182,18.36048467,37.46017667,26.77927738,27.35956831,36.38982716,46.28116432,15.96863428,14.95790479,12.78317825,20.10476604,18.99943067,21.72996919,23.65895444,36.55640167,24.47216387,21.4101393,13.6631145,14.86140594,31.13901953,10.89519329,17.71057018,77.43489688,22.92556422,27.98691641,12.71513565,21.59701172,12.62908733,19.78305376,17.93642646,21.7859937,31.45956455,28.346326,10.76139346,16.27540061,14.66183783,64.25989251,19.76516215,127.0996866,1999
2000-01-01,31.96284291,69.39378668,16.78745194,23.64340355,11.2475906,19.76343434,12.52953313,21.22062856,7.540364174,14.89641231,20.62422395,15.42603251,12.08056253,18.89349968,39.35084998,27.11066435,28.1418548,36.32432192,49.33293071,17.42242083,14.78056222,12.93810173,19.54935706,19.88905448,21.54525868,22.60261353,35.14765152,24.31341753,22.60194432,14.0880644,14.77615726,31.99425358,11.16910229,18.45142085,79.94213799,23.47284378,29.00036349,12.11055838,22.67179744,11.20575044,20.38060566,18.82351879,22.56786073,32.13039024,29.13198778,11.12200319,17.35280889,14.2681009,64.03420971,20.05850858,128.4851351,2000
2001-01-01,29.83929046,67.11806759,16.85221099,23.21604163,11.18233635,21.08025822,12.10781351,20.09587528,7.100608376,14.5129822,19.29253753,15.63700648,11.80091286,18.02795317,37.58613217,26.68638866,26.58503134,37.13124962,44.37660986,17.40498611,14.70142318,12.81487338,18.97327425,19.04683129,24.46434174,23.496651,35.34464296,24.94766838,21.35454898,13.49975098,14.28613331,31.87286043,10.89793996,17.57692227,81.39715463,22.56269222,29.26522327,11.71636097,21.55017236,11.62932243,19.78293197,17.81530135,22.12085981,31.27599236,27.66675168,10.82335031,16.78688422,13.30320609,58.67370911,19.58620992,128.7311247,2001
2002-01-01,30.86990024,66.56656839,16.35789959,22.61769185,11.02369919,20.4016671,11.57636212,19.70468912,7.305546737,14.45034979,19.58292443,16.48262342,11.2019942,18.15772758,37.89628037,26.86289632,28.12726311,37.00297117,45.49059546,18.43203102,14.53532353,12.92706834,18.85052136,19.3812831,21.88592092,23.46731442,34.01521362,24.5076196,19.17285489,13.92718759,14.14992116,29.90773263,10.56385617,17.49307969,81.30845949,23.03832056,29.12667973,11.12861396,22.05305659,10.99320058,19.91553045,18.11924895,21.80190666,31.26552703,26.90833122,10.34297309,16.37657168,12.11747483,65.74236859,19.67809281,124.9852769,2002
2003-01-01,31.04429684,66.19673879,16.42352871,22.82208717,10.62691311,20.09328328,12.33188777,20.30500797,6.947868661,14.49874433,19.76834321,17.18927075,10.62951076,18.43060769,38.68626269,26.82370598,28.95073536,35.89888953,44.59458198,18.19678784,14.95541918,13.20736871,18.63152984,20.16836368,22.36516089,24.64794674,36.05835529,25.09317282,19.55350358,16.43047327,14.36150725,30.82389723,11.11015018,17.48019548,80.83244295,23.67502982,29.71494833,11.21648972,22.32685128,10.80604417,19.94335577,18.02305097,21.39961539,30.46224839,26.92803572,10.78618675,16.84739086,12.40962785,63.69051205,19.27378711,128.2075996,2003
2004-01-01,31.33502833,70.11011241,17.2129689,22.7311737,11.03822905,20.44716743,12.79084179,19.99822986,7.079615974,14.76458602,19.99340622,17.62747048,11.26790191,18.88782059,38.51370132,27.09470171,28.02347419,37.26243221,45.6716033,18.31855705,15.03626085,12.93737711,18.78741933,19.81431004,22.75124546,24.66580656,37.44884738,24.81607286,20.50330269,17.03456194,14.60052032,30.95111828,11.23345087,17.55713822,77.63653727,23.21562978,28.28379181,11.40855469,22.49888545,10.20996807,21.45203673,17.91412675,21.51259868,29.94292157,27.4587333,11.40876334,17.08530848,12.56674859,62.04487982,19.54256927,126.5535307,2004
2005-01-01,31.40745754,71.19997533,16.66366786,21.66008799,10.87346563,20.6717961,12.51839795,20.59603899,6.936603096,14.5742543,20.79534617,17.81869172,11.05850679,19.38527779,38.00268333,27.01774952,26.62707778,37.37078485,44.12222927,17.49421075,15.20127537,13.1764638,18.91696228,19.88563796,22.0250549,24.95552895,38.16769594,24.86477254,20.63595633,16.37896863,15.09509314,30.7965063,11.0544216,17.71110312,82.11504465,23.72299042,29.98638736,11.36681351,22.61726618,10.49053536,20.75268449,17.15569253,21.41681851,28.31325247,27.47361207,10.97667659,17.07878642,12.65211659,63.01718,20.00787176,123.9737536,2005
2006-01-01,31.49032671,67.29200373,16.67006399,22.00494372,11.0431327,20.47160857,11.63347266,18.90227927,5.585188044,14.26083681,19.98148828,17.73676814,10.77905064,18.70341932,37.37946776,27.26370121,26.36941549,37.62307385,48.82388654,16.03441562,13.89105716,11.94601217,17.86756441,19.19710936,22.79536139,24.49335758,37.79873117,24.98754772,16.52247229,14.83129364,14.21153125,30.78713291,10.14169867,16.66256273,79.04017501,23.1056642,30.37247566,10.97472406,22.03150559,9.901970495,20.47674546,17.09843714,21.33836414,27.75160652,27.22143273,10.72041628,16.03044848,12.08789692,62.81264375,18.49226157,123.3097981,2006
2007-01-01,31.51886208,64.19609721,16.59426009,22.24555012,11.10489263,20.67675279,11.37699343,19.62820186,5.889996486,13.97483758,19.84767842,18.23420175,10.83614567,19.2149701,36.98312287,29.02139364,28.39151796,37.22513987,48.12980226,15.75032595,13.88396511,12.41843544,18.19795778,19.32532742,23.33286076,24.05208455,39.39824173,25.02202981,16.0842125,14.60977605,15.07023069,29.66046398,10.44787603,16.93668157,81.21479966,23.59074286,30.11124911,11.73341294,22.17583433,10.4684806,20.11409447,17.50107955,20.89616214,27.11001351,27.21254717,10.45113167,16.53659151,12.70974043,63.79426337,18.67718221,124.904143,2007
2008-01-01,29.53793944,56.88358927,16.33962621,22.32028936,10.49060763,19.91557592,10.61815418,18.30319544,5.311555604,12.87471223,18.16147231,14.46386947,10.10653042,19.00473608,36.05868233,29.93708997,26.71160992,36.31868664,46.01094285,14.28867465,13.11527753,11.85111959,17.64033707,19.05977386,21.96165581,23.35487106,38.14547502,25.97334873,15.4331311,14.23540833,14.72800527,28.24065317,9.892821137,16.01066722,81.19605675,22.99242354,30.51896772,11.2991474,21.4032856,10.09082103,19.19858563,18.69605021,19.60953201,25.6516226,26.20646639,9.499192227,14.90657589,12.07049374,61.27282124,18.66237587,123.1472543,2008
2009-01-01,25.17856902,53.34292812,14.79825569,21.24396485,10.02014623,18.77035264,10.0950071,13.36531529,5.36950777,12.04641872,16.94686649,13.96840861,9.762696155,17.75606784,32.3722652,28.16652199,25.84403423,33.82467126,43.07087741,13.78166518,12.45909069,10.80004374,16.63923526,17.46065592,20.5005124,22.15717838,33.67605569,26.09280902,14.71438798,12.98017225,12.73527797,28.34225318,9.015872827,14.07310788,78.1787998,20.78878618,28.57162497,10.71039787,19.36180924,10.66294814,17.88554105,18.20784197,16.16671183,23.80335046,23.9016277,9.902831011,13.36206151,11.53434013,48.77650126,17.00669859,114.3831558,2009
2010-01-01,27.68241682,52.01300316,15.52777846,22.61719237,9.554879155,18.99510316,10.18189844,14.53239608,5.326432873,13.0245781,18.03959335,14.96929381,10.34813225,18.16769027,33.64169021,29.59133569,25.41029733,35.17435734,44.78368482,13.36839451,12.33389228,11.0861106,16.95899688,17.30069361,21.43393415,22.83287686,35.27199742,27.32633534,15.31925545,12.71920001,11.99718473,26.10586189,9.53666118,15.36985669,78.25943116,21.42114305,28.14927452,10.58204768,20.14685713,10.43623961,18.52136169,18.47817503,17.19110142,24.38159241,23.06500686,9.388567316,13.94398303,10.87796031,54.24647686,17.40044227,116.1484802,2010
2011-01-01,26.98878933,51.36473331,15.08749762,22.94605118,9.104349237,18.0604371,9.761795637,15.27079519,4.984951649,12.19712406,16.32236412,14.94603824,10.07470211,18.03563073,32.18839122,28.45038389,24.63565381,34.58959933,45.44088172,13.0329771,11.45288304,10.3971348,16.44218466,17.09390031,19.65737447,22.75239881,32.11532689,28.48770535,13.97341285,12.39356297,11.89540511,27.04384983,8.990543999,13.73274832,79.16892046,20.36315966,28.22473674,9.565830057,19.59179547,10.44293989,17.36982905,17.7323523,16.48478239,24.7577152,22.89763394,9.270229289,12.65358314,10.09165015,52.7127699,17.21018631,113.7062618,2011
2012-01-01,25.45803846,49.46002893,14.55974202,22.43659007,9.190819447,17.56006527,9.532165011,15.92358225,4.166471518,11.75910156,14.3014291,14.54765967,9.881017508,17.00040926,29.88830611,26.45215715,22.89302833,32.04831781,42.83404233,11.76296359,10.59206697,9.376836138,15.70428688,16.07371758,20.14342112,21.4167747,30.63875671,27.30422499,13.81587034,11.11741053,11.18851468,25.95255312,8.577291552,12.76604598,80.74794554,18.60539101,27.42690652,9.41803326,18.77705671,9.940521381,15.7806099,17.85390535,15.33848893,24.03777915,21.59661126,8.711597617,12.038895,9.838807864,49.62205112,15.88255165,115.6831384,2012
2013-01-01,24.93034681,46.13711325,14.96733804,23.1459956,9.14168519,17.480025,9.635537431,15.19005306,4.330482755,11.60912137,14.32523096,14.29877227,10.69603016,18.11629886,30.44587819,26.62398598,24.1058171,31.69829134,40.85560884,12.31538357,10.40094153,9.9054832,16.54339389,16.77229,19.09001024,22.16376027,31.68524599,28.65197162,14.3092118,10.88801937,11.33690751,25.68320733,8.615981135,12.81476701,79.17465708,19.69106197,26.72474377,9.945394339,19.52394585,9.540895731,14.73689882,18.22283183,14.97121803,24.8383731,22.93156657,9.137961074,12.81087848,10.59866332,50.83436371,17.65306153,118.2652044,2013
2014-01-01,25.31632294,46.0236162,14.45021254,23.21110168,8.950594816,17.33084831,9.727341146,14.76558509,4.537374104,11.73719078,14.70488168,13.83605077,10.32408875,18.3726516,31.19708152,26.81991582,24.23986746,31.7771333,40.10782482,12.35439329,10.77689954,9.599384055,16.50793535,17.58407202,19.97989521,22.0254886,31.84459514,27.74127035,14.38661901,11.36037566,11.82771049,24.20611095,8.966036415,13.00750037,80.21401275,19.7913585,26.9281181,9.54569369,19.49496898,9.967842495,15.47690145,18.09403329,15.66383379,24.54760251,22.21882013,9.410140036,12.92145514,10.26761586,53.96162184,17.59334722,113.0853842,2014
2015-01-01,24.5521914,47.46314851,13.90001236,19.81656528,9.032709131,16.7407172,10.12233191,14.76156624,4.367623039,11.7406083,14.30576827,13.90093942,10.91762345,17.04181034,28.32151176,24.78890157,22.161649,29.65522007,39.75985776,12.55010427,10.39911953,9.819997305,16.55482415,16.28938715,20.50064257,20.53454009,31.55348731,26.80262995,13.42528247,11.4274998,11.68658401,24.25446507,8.870118757,12.43183063,76.61780463,18.17214122,25.64263132,9.428755524,18.21151109,10.22187751,14.99158622,16.53735397,14.96647849,23.85027583,21.31803673,9.787270466,12.8624243,10.48376093,49.89857745,17.32726276,109.3734866,2015
2016-01-01,23.41972126,44.96044504,13.08216352,20.76412093,9.025929958,15.94954472,9.523865931,15.17840136,4.008343167,11.57864428,14.0218992,13.86876737,10.89181782,16.17770697,27.39192042,23.61422601,21.49308956,28.5604008,40.40586618,12.12695795,10.0661911,9.387686435,15.52329245,16.48878614,20.83406799,19.53960071,29.88287117,25.36773866,13.68869752,10.27642137,11.90219117,23.3375125,8.665252931,12.29047313,72.6614565,17.63940967,24.4656375,9.202312163,17.04546305,9.06327187,14.55917901,17.13398814,15.23903214,23.52759713,19.3249563,9.476726675,13.07484509,10.87721856,51.57691052,16.55676511,104.717937,2016
2017-01-01,22.26207017,45.51839429,12.83713691,21.36360079,9.062904764,15.80492081,9.47060761,14.37054818,3.709014489,11.36618263,13.61574734,14.3285995,10.87371525,16.1169786,26.40205541,24.26958621,20.27895151,26.20780964,41.37223386,11.50931028,9.13076858,9.427909232,15.60395692,16.39023172,20.21494325,20.37395312,29.64972648,24.97528463,13.52858881,10.00874869,11.17822912,23.70774174,8.463314033,11.78954602,75.19370546,17.57765204,23.75321969,9.35384213,16.82585767,9.427885857,13.9173324,16.76872584,14.50598227,23.50455436,19.01776274,9.329648998,12.46415735,10.6514073,49.94042206,17.02797996,108.2698044,2017
2018-01-01,22.96718549,46.83119208,13.13449311,23.50137654,9.092849805,15.80861673,10.45713026,14.46671149,4.056915165,11.3859851,13.4918646,14.26648834,10.86915578,16.74657225,28.2496519,26.16748017,21.57664818,27.5025392,41.75454974,11.01721833,10.20941992,9.30981629,16.39305532,16.89357285,21.19762841,20.36900613,29.43311428,27.18328636,13.6532728,10.50902751,11.81611387,21.8977597,8.959116113,11.95387685,78.00391052,17.8894508,24.85680052,9.459878377,17.19056066,10.44091011,14.56141964,17.66097311,13.8441992,23.91928714,19.41322226,9.366847785,12.93097031,10.45018656,49.3603519,17.41655528,110.2695694,2018
2019-01-01,21.6484824,46.6749868,12.69021192,21.53995446,9.08170732,15.93041796,10.27247945,13.90949351,3.965414748,10.8669635,12.84032941,14.4883805,11.22745496,16.06002369,26.16371498,24.46082742,20.75271891,25.80092322,41.84041477,10.71798293,9.392485257,9.184274771,15.94791993,16.32795924,21.00221223,19.05304788,30.1732665,26.10971742,13.50455936,10.23791396,11.34090489,23.30575289,8.681667043,11.67548837,74.80744595,16.81513121,22.93307245,9.923903875,17.09007125,9.797013413,13.46374189,18.01349353,13.5046412,23.57030979,19.20175689,9.648061887,12.47715554,11.05456821,47.60222629,16.27852765,101.8907738,2019
2020-01-01,19.56389749,49.13596545,11.16421114,18.17488249,7.681182637,13.81285745,9.380092379,12.57187641,3.479656483,9.626162517,10.8700204,10.27810487,10.47571314,13.28617173,22.74506853,20.58665855,19.67886733,22.6211322,39.41054746,9.913555507,7.790513454,7.445258529,13.58535547,13.73439278,21.35238409,17.66369804,24.14881692,23.71712016,11.62659957,9.032805257,9.032736447,21.34728943,7.113702449,10.18779489,69.64220833,15.74352922,21.13312346,8.835862695,14.87600871,8.965669576,12.37564856,16.84612091,12.03803351,21.3554228,17.48263523,8.44255639,11.37234098,8.857656562,42.9745687,14.77212897,96.39719841,2020
,,,,,,,,,,,,,,,,,,,,,,,,,,,,,,,,,,,,,,,,,,,,,,,,,,,,
